ID,Plaintext Name,Horizons Name,Simbad Name,Solar System Flag,RA (hours),DEC,RA (deg),RA (solsys),DEC (solsys)
1,446 Aeternitas,446 Aeternitas (A899 UB),,1,,,,,
2,52 Europa,52 Europa (A858 CA),,1,,,,,
3,624 Hektor,624 Hektor (A907 CF),,1,,,,,
4,434 Hungaria,434 Hungaria (A898 RB),,1,,,,,
5,16 Psyche,16 Psyche (A852 FA),,1,,,,,
6,3628 Boznemcova,3628 Boznemcova (1979 WD),,1,,,,,
7,420 Bertholda,420 Bertholda (A896 RC),,1,,,,,
8,1862 Apollo,1862 Apollo (1932 HA),,1,,,,,
9,349 Dembowska,349 Dembowska (A892 XB),,1,,,,,
10,15 Eunomia,15 Eunomia (A851 OA),,1,,,,,
11,233 Asterope,233 Asterope (A883 JA),,1,,,,,
12,4 Vesta,4 Vesta (A807 FA),,1,,,,,
13,90 Antiope,90 Antiope (A866 TA),,1,,,,,
14,Dactyl,243 Ida (A884 SB),,1,,,,,
15,3200 Phaethon,3200 Phaethon (1983 TB),,1,,,,,
16,2020 AV2,594913 'Aylo'chaxnim (2020 AV2),,1,,,,,
17,(322756) 2001 CK32,322756 (2001 CK32),,1,,,,,
18,163693 Atira,163693 Atira (2003 CP20),,1,,,,,
19,3753 Cruithne,3753 Cruithne (1986 TO),,1,,,,,
20,1991 VG,(1991 VG),,1,,,,,
21,2010 TK7,706765 (2010 TK7),,1,,,,,
22,(469219) Kamo'oalewa,469219 Kamo`oalewa (2016 HO3),,1,,,,,
23,4660 Nereus,4660 Nereus (1982 DB),,1,,,,,
24,433 Eros,433 Eros (A898 PA),,1,,,,,
25,5261 Eureka,5261 Eureka (1990 MB),,1,,,,,
26,8 Flora,8 Flora (A847 UA),,1,,,,,
27,25 Phocaea,25 Phocaea (A853 GB),,1,,,,,
28,65 Cybele,65 Cybele (A861 EB),,1,,,,,
29,153 Hilda,153 Hilda (A875 VC),,1,,,,,
30,6P/d'Arrest,6P/d'Arrest (90000145),,1,,,,,
31,21P/Giacobini-Zinner,21P/Giacobini-Zinner (90000324),,1,,,,,
32,1P/Halley,2688 Halley (1982 HG1),,1,,,,,
33,C/2014 S3 (PANSTARRS),C/2014 S3 (90004289),,1,,,,,
34,5335 Damocles,5335 Damocles (1991 DA),,1,,,,,
35,beta Pic,,bet Pic,0,5.788083333,-51.066389,86.82125,,
36,2P/Encke,9134 Encke (4822 P-L),,1,,,,,
37,7968 Elst-Pizarro,7968 Elst-Pizarro (1996 NU5),,1,,,,,
38,9P/Tempel 1,9P/Tempel 1 (90000192),,1,,,,,
39,2060 Chiron,2060 Chiron (1977 UB),,1,,,,,
40,153P/Ikeya-Zhang,153P/Ikeya-Zhang [2002] (74) - default,,1,,,,,
41,(24835) 1995 SM55,24835 (1995 SM55),,1,,,,,
42,(15788) 1993 SB,15788 (1993 SB),,1,,,,,
43,(385185) 1993 RO,385185 (1993 RO),,1,,,,,
44,15760 Albion,15760 Albion (1992 QB1),,1,,,,,
45,79360 Sila-Nunam,79360 Sila-Nunam (1997 CS29),,1,,,,,
46,2011 QF99,687170 (2011 QF99),,1,,,,,
47,2001 QR322,612243 (2001 QR322),,1,,,,,
48,(523899) 1997 CV29,523899 (1997 CV29),,1,,,,,
49,(20161) 1996 TR66,20161 (1996 TR66),,1,,,,,
50,(91554) 1999 RZ215,91554 (1999 RZ215),,1,,,,,
51,(181902) 1999 RD215,181902 (1999 RD215),,1,,,,,
52,541132 Leleakuhonua,541132 Leleakuhonua (2015 TG387),,1,,,,,
53,Phobos,Phobos (401),,1,,,,,
54,Amalthea,Amalthea (505),,1,,,,,
55,Methone,Methone (506),,1,,,,,
56,Himalia,Himalia (506),,1,,,,,
57,Phoebe,Phoebe (SIX),,1,,,,,
58,Helene,Helene (612),,1,,,,,
59,Epimetheus,Epimetheus (611),,1,,,,,
60,2006 RH120,(2006 RH120),,1,,,,,
61,Prometheus,Prometheus (616),,1,,,,,
62,Hyperion,Hyperion (607),,1,,,,,
63,WD 1145+017,,WD 1145+017,0,11.80933333,1.483056,177.14,,
64,Saturn,Saturn (699),,1,,,,,
65,Neptune,Neptune (899),,1,,,,,
66,L5 Kordylewsky cloud,EM-L5,,1,,,,,
67,C/2019 Q4 (Borisov),C/2019 Q4 (90004555),,1,,,,,
68,1I/'Oumuamua,'Oumuamua (A/2017 U1),,1,,,,,
69,TW Hya,,TW Hya,0,11.03108333,-34.704722,165.46625,,
70,EPIC 203937317,,DoAr 24,0,16.43808333,-24.339444,246.57125,,
71,GM Aur,,GM Aur,0,4.9197222,30.366389,73.795833,,
72,tau Cet,,tau Cet,0,1.7344722,-15.9375,26.017083,,
73,kappa Psc,,kap Psc,0,23.44888887,1.255556,351.733333,,
74,Altair,,Altair,0,19.84638887,8.868333,297.695833,,
75,NGC 2547 ID8,,2MASS J08090250-4858172,0,8.150694467,-48.971389,122.260417,,
76,BD+20 307,,BD+20 307,0,1.9139722,21.306111,28.709583,,
77,NGC 7293*,,NGC 7293,0,22.4940278,-20.837222,337.410417,,
78,G29-38,,ZZ Psc,0,23.47988887,5.248333,352.198333,,
79,WD J0914+1914,,SDSS J091405.30+191412.2,0,9.234805533,19.236667,138.522083,,
80,Mercury,Mercury (199),,1,,,,,
81,K2-229,,K2-229,0,12.4582222,-6.721944,186.873333,,
82,Mars,Mars (499),,1,,,,,
83,Kepler 444,,Kepler 444,0,19.31680553,41.634722,289.752083,,
84,Proxima Cen,,Proxima Cen,0,14.49525,-62.679444,217.42875,,
85,Venus,Venus (299),,1,,,,,
86,Kepler 78,,Kepler 78,0,19.5827778,44.448333,293.741667,,
87,Barnard's star,,Barnard star,0,17.9634722,4.693333,269.452083,,
88,LHS 1140,,LHS 1140,0,0.749805533,-15.271667,11.247083,,
89,HD 40307,,HD 40307,0,5.901166667,-60.023333,88.5175,,
90,55 Cnc,,55 Cnc,0,8.876611133,28.330833,133.149167,,
91,TRAPPIST-1,,TRAPPIST-1,0,23.10816667,-5.041389,346.6225,,
92,TOI 849 b,,TOI 849,0,1.914361133,-29.421667,28.715417,,
93,KIC 12557548,,Kepler 1520,0,19.39775,51.504722,290.96625,,
94,PSR B1257+12,,PSR B1257+12,0,13.00086113,12.681944,195.012917,,
95,1 Ceres,1 Ceres (A801 AA),,1,,,,,
96,136199 Eris,136199 Eris (2003 UB313),,1,,,,,
97,134340 Pluto,134340 Pluto (1930 BM),,1,,,,,
98,90377 Sedna,90377 Sedna (2003 VB12),,1,,,,,
99,136472 Makemake,136472 Makemake (2005 FY9),,1,,,,,
100,136108 Haumea,136108 Haumea (2003 EL61),,1,,,,,
101,Moon,Moon (301),,1,,,,,
102,Titan,Titan (606),,1,,,,,
103,Triton,Triton (801),,1,,,,,
104,Europa,Europa (502),,1,,,,,
105,Callisto,Callisto (JIV),,1,,,,,
106,Ganymede,Ganymede (JIII),,1,,,,,
107,Enceladus,Enceladus (602),,1,,,,,
108,Io,Io (501),,1,,,,,
109,Kepler 22,,Kepler 22,0,19.28116667,47.884444,289.2175,,
110,GJ 436,,GJ 436,0,11.70308333,26.706667,175.54625,,
111,HATS-P-26,,HAT-P-26,0,14.21041667,4.06,213.15625,,
112,GJ 1214,,GJ 1214,0,17.25525,4.963889,258.82875,,
113,Jupiter,Jupiter (599),,1,,,,,
114,HD 93083,,HD 93083,0,10.73913887,-33.576944,161.087083,,
115,HATS-17,,HATS-17,0,12.81263887,-47.613611,192.189583,,
116,HD 189733,,HD 189733,0,20.01213887,22.710833,300.182083,,
117,HD 209458,,HD 209458,0,22.053,18.884444,330.795,,
118,Kepler 18,,Kepler 18,0,19.8719722,44.746389,298.079583,,
119,HR 8799,,HR 8799,0,23.12463887,21.134167,346.869583,,
120,HD 28185,,HD 28185,0,4.440638867,-10.550833,66.609583,,
121,HD 80606,,HD 80606,0,9.377111133,50.603611,140.656667,,
122,HD 147506,,HD 147506,0,16.34344447,41.048056,245.151667,,
123,Pollux,,Pollux,0,7.75525,28.026111,116.32875,,
124,PSR B1620-26,,PSR B1620-26,0,16.39394447,-26.531667,245.909167,,
125,Kepler 16,,Kepler 16,0,19.2717222,51.7575,289.075833,,
126,NN Ser,,NN Ser,0,15.88225,12.912222,238.23375,,
127,Kepler 223,,Kepler 223,0,19.88788887,47.279444,298.318333,,
128,IRAS 16293-2422,,IRAS 16293-2422,0,16.53961113,-24.475556,248.094167,,
129,Elias 29,,Elias 2-29,0,16.45261113,-24.621944,246.789167,,
130,IRAS 20126+4104,,IRAS 20126+4104,0,20.2405278,41.226944,303.607917,,
131,AB Aur,,AB Aur,0,4.929388867,30.551111,73.940833,,
132,FU Ori,,FU Ori,0,5.7562222,9.07,86.343333,,
133,WISE J085510.83-071442.5,,WISE J085510.83-071442.5,0,8.919666667,-7.245278,133.795,,
134,WISE J071322.55-291751.9,,WISE J071322.55-291751.9,0,7.222944467,-29.297778,108.344167,,
135,2MASSI J0415195-093506,,2MASSI J0415195-093506,0,4.255416667,-9.585278,63.83125,,
136,epsilon Ind Bb,,eps Ind B,0,22.06958333,-56.782778,331.04375,,
137,Luhman 16B,,Luhman 16B,0,10.82191667,-53.319167,162.32875,,
138,Luhman 16A,,Luhman 16A,0,10.82194447,-53.319444,162.329167,,
139,HD 130948BC,,HD 130948BC,0,14.8377778,23.911667,222.566667,,
140,2MASSI J1506544+132106,,2MASSI J1506544+132106,0,15.11508333,13.351667,226.72625,,
141,PPL 15,,PPL 15,0,3.801305533,23.658333,57.019583,,
142,2MASS J0523-1403,,2MASS J05233822-1403022,0,5.393944467,-14.050556,80.909167,,
143,VB 10,,VB 10,0,19.28266667,5.150556,289.24,,
144,Wolf 359,,Wolf 359,0,10.94133333,7.014444,164.12,,
145,HD 95735,,HD 95735,0,11.05561113,35.97,165.834167,,
146,61 Cyg B,,61 Cyg B,0,21.11536113,38.741944,316.730417,,
147,61 Cyg A,,61 Cyg A,0,21.1149722,38.749444,316.724583,,
148,epsilon Eri,,eps Eri,0,3.548833333,-9.458333,53.2325,,
149,kappa 1 Cet,,kap01 Cet,0,3.322694467,3.370278,49.840417,,
150,Sun,Sun,,1,,,,,
151,beta Vir,,bet Vir,0,11.84491667,1.764722,177.67375,,
152,pi 3 Ori,,pi.03 Ori,0,4.830666667,6.961389,72.46,,
153,78 UMa,,78 UMa,0,13.01213887,56.366389,195.182083,,
154,alpha Cep,,alf Cep,0,21.30966667,62.585556,319.645,,
155,Alcor,,g UMa,0,13.42041667,54.988056,201.30625,,
156,Vega,,Vega,0,18.61563887,38.783611,279.234583,,
157,lambda Aql,,lam Aql,0,19.10413887,-4.8825,286.562083,,
158,alpha Gru,,alf Gru,0,22.1372222,-46.961111,332.058333,,
159,eta UMa,,eta UMa,0,13.79233333,49.313333,206.885,,
160,10 Lac,,10 Lac,0,22.65436113,39.050278,339.815417,,
161,HD 46150,,HD 46150,0,6.532083333,4.942778,97.98125,,
162,HD 64568,,HD 64568,0,7.893944467,-26.234167,118.409167,,
163,kappa CrB,,kap CrB,0,15.85386113,35.6575,237.807917,,
164,mu Her,,mu Her,0,17.77430553,27.720556,266.614583,,
165,Procyon,,Procyon,0,7.6550278,5.225,114.825417,,
166,iota UMa,,iot UMa,0,8.986805533,48.041944,134.802083,,
167,gamma Cru,,gam Cru,0,12.51944447,-57.113333,187.791667,,
168,Aldebaran,,Aldebaran,0,4.598666667,16.509167,68.98,,
169,Arcturus,,Arcturus,0,14.2610278,19.1825,213.915417,,
170,alpha Ser,,alf Ser,0,15.73780553,6.425556,236.067083,,
171,BD +17 3248,,BD +17 3248,0,17.47069447,17.51,262.060417,,
172,RR Lyr,,RR Lyr,0,19.42441667,42.784444,291.36625,,
173,HD 161817,,HD 161817,0,17.77794447,25.749167,266.669167,,
174,R Dor,,R Dor,0,4.612666667,-62.077222,69.19,,
175,RS Cnc,,RS Cnc,0,9.177444467,30.963056,137.661667,,
176,IRC +10216,,IRC +10216,0,9.7992778,13.278889,146.989167,,
177,IRC +10011,,WX Psc,0,1.1072222,12.598056,16.608333,,
178,HD 44179,,HD 44179,0,6.332833333,-10.6375,94.9925,,
179,V4334 Sgr,,V4334 Sgr,0,17.87575,-17.685556,268.13625,,
180,Regulus,,Regulus,0,10.1395278,11.967222,152.092917,,
181,Capella Ab,,Capella,0,5.278166667,45.998056,79.1725,,
182,alpha Hya,,alf Hya,0,9.4597778,-8.658611,141.896667,,
183,alpha Cet,,alf Cet,0,3.038,4.089722,45.57,,
184,zeta Aur,,zet Aur,0,5.041305533,41.075833,75.619583,,
185,epsilon Vir,,eps Vir,0,13.0362778,10.959167,195.544167,,
186,Capella Aa,,Capella,0,5.278166667,45.998056,79.1725,,
187,delta Cep,,del Cep,0,22.48619447,58.415278,337.292917,,
188,beta Ara,,bet Ara,0,17.42166667,-55.53,261.325,,
189,l Car,,l Car,0,9.754111133,-62.507778,146.311667,,
190,Canopus,,Canopus,0,6.399194467,-52.695556,95.987917,,
191,MSX SMC 055,,MSX SMC 055,0,0.835333333,-73.523611,12.53,,
192,iota Ori,,iot Ori,0,5.590555533,-5.91,83.858333,,
193,zeta Per,,zet Per,0,3.902194467,31.883611,58.532917,,
194,Deneb,,Deneb,0,20.6905278,45.280278,310.357917,,
195,Betelgeuse,,Betelgeuse,0,5.9195278,7.406944,88.792917,,
196,rho Cas,,rho Cas,0,23.90638887,57.499444,358.595833,,
197,VY CMa,,VY CMa,0,7.382861133,-25.7675,110.742917,,
198,EZ CMa,,HD 50896,0,6.903611133,-23.928333,103.554167,,
199,gamma 2 Vel,,gam02 Vel,0,8.158888867,-47.336667,122.383333,,
200,WR 102,,WR 102,0,17.76319447,-26.174167,266.447917,,
201,zeta 1 Sco,,zet01 Sco,0,16.89991667,-42.361944,253.49875,,
202,AG Car,,AG Car,0,10.93655553,-60.453611,164.048333,,
203,eta Car,,eta Car,0,10.7509722,-59.684444,161.264583,,
204,epsilon Ser,,eps Ser,0,15.84694447,4.477778,237.704167,,
205,alpha 2 CVn,,alf02 CVn,0,12.93380553,38.318333,194.007083,,
206,alpha And A,,alf And,0,0.139805533,29.090556,2.097083,,
207,lambda Boo,,lam Boo,0,14.27305553,46.088333,214.095833,,
208,2MASS J0532+8246,,2MASS J05325346+8246465,0,5.548444467,82.779167,83.226667,,
209,Kapteyn's star,,Kapteyn's star,0,5.194611133,-45.018333,77.919167,,
210,Groombridge 1830,,Groombridge 1830,0,11.883,37.718611,178.245,,
211,BD -00 4470,,BD -00 4470,0,23.15913887,0.711111,347.387083,,
212,HD 84937,,HD 84937,0,9.815583333,13.744167,147.23375,,
213,HD 140283,,HD 140283,0,15.7175278,-10.933611,235.762917,,
214,HD 122563,,HD 122563,0,14.04216667,9.686111,210.6325,,
215,HE 0107-5240,,HE 0107-5240,0,1.158111133,-52.409444,17.371667,,
216,Mira,,Mira,0,2.322444467,-2.9775,34.836667,,
217,delta Sct,,del Sct,0,18.70455553,-9.0525,280.568333,,
218,gamma Dor,,gamma Dor,0,4.267111133,-51.486667,64.006667,,
219,53 Per,,53 Per,0,4.3592222,46.498889,65.388333,,
220,beta Cep,,beta Cep,0,21.47766667,70.560833,322.165,,
221,OGLE BLAP-009,,OGLE BLAP-009,0,17.98005553,-27.281667,269.700833,,
222,PG 1716+426,,PG 1716+426,0,17.30108333,42.570278,259.51625,,
223,V361 Hya,,V361 Hya,0,14.0925,-27.026111,211.3875,,
224,SDSS J160043.6+074802.9,,V499 Ser,0,16.01211113,7.800833,240.181667,,
225,UV Cet,,UV Cet,0,1.650444467,-17.950278,24.756667,,
226,HR 1099,,HR 1099,0,3.613138867,0.587778,54.197083,,
227,TVLM 513-46546,,TVLM 513-46546,0,15.01894447,22.833889,225.284167,,
228,CU Vir,,CU Vir,0,14.20438887,2.409444,213.065833,,
229,zeta Tau,,zet Tau,0,5.627416667,21.1425,84.41125,,
230,V838 Mon,,V838 Mon,0,7.068,-3.8475,106.02,,
231,M67-S1237,,Cl* NGC 2682 SAND 1237,0,8.863944467,11.768611,132.959167,,
232,FK Com,,FK Com,0,13.513,24.232778,202.695,,
233,R CrB,,R CrB,0,15.80955553,28.156667,237.143333,,
234,HD 124448,,HD 124448,0,14.24961113,-46.288611,213.744167,,
235,40 Cnc,,40 Cnc,0,8.669861133,19.971111,130.047917,,
236,HD 149382,,HD 149382,0,16.57313887,-4.014444,248.597083,,
237,BD+28 4211,,BD+28 4211,0,21.85305553,28.863889,327.795833,,
238,PG 1544+488,,PG 1544+488,0,15.76991667,48.643611,236.54875,,
239,G77-61,,G 77-61,0,3.543916667,1.966667,53.15875,,
240,zeta Oph,,zet Oph,0,16.61930553,-10.567222,249.289583,,
241,HD 271791,,HD 271971,0,6.137361133,-71.385278,92.060417,,
242,HVS 1,,[BGK2006] HV 1,0,9.129166667,2.751944,136.9375,,
243,NLTT 11748,,NLTT 11748,0,3.754666667,17.8025,56.32,,
244,LAWD 32,,LAWD 32,0,9.7775278,43.914444,146.662917,,
245,van Maanen 2,,Wolf 28,0,0.819416667,5.388611,12.29125,,
246,Sirius B,,Sirius B,0,6.752583333,-16.716944,101.28875,,
247,GD 50,,GD 50,0,3.813944467,0.975556,57.209167,,
248,PG 1159-035,,GW Vir,0,12.02944447,-3.761389,180.441667,,
249,GD 492,,GD 492,0,14.10983333,74.316111,211.6475,,
250,D6-3,,Gaia DR2 2156908318076164224,0,18.86719447,62.035278,283.007917,,
251,QU Vul,,QU Vul,0,20.44608333,27.845,306.69125,,
252,G191-B2B,,G191-B2B,0,5.091833333,52.831111,76.3775,,
253,LHS 253,,LHS 253,0,8.692333333,-32.9425,130.385,,
254,GD 358,,GD 358,0,16.78844447,32.475833,251.826667,,
255,LAWD 87,,LAWD 87,0,21.53783333,0.253889,323.0675,,
256,Stein 2051B,,Stein 2051 B,0,4.520166667,58.978056,67.8025,,
257,LAWD 37,,LAWD 37,0,11.76191667,-64.841389,176.42875,,
258,HZ 21,,HZ 21,0,12.23230553,32.941944,183.484583,,
259,WD 1150+012,,WD 1150+012,0,11.88486113,0.946111,178.272917,,
260,SDSS 1102+2054,,LSPM J1102+2054,0,11.04438887,20.911111,165.665833,,
261,Grw +70 8247,,LAWD 73,0,19.00286113,70.664167,285.042917,,
262,ZZ Cet,,ZZ Cet,0,1.6037778,-11.3425,24.056667,,
263,Ton 124,,Ton 124,0,12.75988887,42.640278,191.398333,,
264,1E 1207.4-5209,,1E 1207.4-5209,0,12.16691667,-52.441111,182.50375,,
265,Geminga,,Geminga,0,6.565055533,17.770278,98.475833,,
266,Crab pulsar,,Crab pulsar,0,5.5755278,22.014444,83.632917,,
267,SGR 1806-20,,SGR 1806-20,0,18.14425,-20.411111,272.16375,,
268,XTE J1810-197,,XTE J1810-197,0,18.16419447,-19.731111,272.462917,,
269,SGR 1935+2154,,SGR 1935+2154,0,19.58213887,21.896667,293.732083,,
270,PSR B0656+14,,PSR B0656+14,0,6.9967222,14.239444,104.950833,,
271,RX J1856.5-3754,,RX J1856.5-3754,0,18.94308333,-37.908333,284.14625,,
272,PSR J0437-4715,,PSR J0437-4715,0,4.621055533,-47.2525,69.315833,,
273,Cyg X-1,,Cygnus X-1,0,19.97269447,35.201667,299.590417,,
274,NGC 3201 BH1,,[SBC2007] NGC 3201 12560,0,10.29363887,-46.415278,154.404583,,
275,NGC 6946-BH1,,N6946-BH1,0,20.591,60.135556,308.865,,
276,Algol,,Algol,0,3.136138867,40.955556,47.042083,,
277,W UMa,,W UMa,0,9.729305533,55.9525,145.939583,,
278,FG Hya,,FG Hya,0,8.451083333,3.514444,126.76625,,
279,OO Aql,,OO Aql,0,19.8035278,9.308889,297.052917,,
280,CH Cyg,,CH Cyg,0,19.40919447,50.241389,291.137917,,
281,R Aqr,,R Aqr,0,23.73041667,-15.284444,355.95625,,
282,RR Tel,,RR Tel,0,20.07180553,-55.725833,301.077083,,
283,RS Oph,,RS Oph,0,17.837,-6.707778,267.555,,
284,SS Cyg,,SS Cyg,0,21.71188887,43.586111,325.678333,,
285,UX UMa,,UX UMa,0,13.61138887,51.913611,204.170833,,
286,T Pyx,,T Pyx,0,9.078194467,-32.38,136.172917,,
287,GK Per,,GK Per,0,3.52,43.904167,52.8,,
288,DQ Her,,DQ Her,0,18.12508333,45.859167,271.87625,,
289,AE Aqr,,AE Aqr,0,20.6692222,0.870833,310.038333,,
290,AM Her,,AM Her,0,18.27036113,49.868056,274.055417,,
291,AR Sco,,AR Sco,0,16.36313887,-22.886111,245.447083,,
292,AM CVn,,AM CVn,0,12.58183333,37.628889,188.7275,,
293,QR And,,QR And,0,0.3305278,21.947778,4.957917,,
294,Sco X-1,,Sco X-1,0,16.3319722,-15.640278,244.979583,,
295,4U 1608-52,,4U 1608-52,0,16.21194447,-52.423056,243.179167,,
296,4U 1730-335,,4U 1730-335,0,17.55683333,-33.388889,263.3525,,
297,4U 1820-303,,4U 1820-303,0,18.39461113,-30.361389,275.919167,,
298,GX 1+4,,GX 1+4,0,17.53394447,-24.745556,263.009167,,
299,SAX J1808.4-3658,,SAX J1808.4-3658,0,18.1409722,-36.978889,272.114583,,
300,PSR J1023+0038,,PSR J1023+0038,0,10.39658333,0.644722,155.94875,,
301,Her X-1,,Her X-1,0,16.96383333,35.342222,254.4575,,
302,A 0535+26,,1A 0535+26,0,5.6485,26.315833,84.7275,,
303,Vel X-1,,Vela X-1,0,9.03525,-40.554722,135.52875,,
304,Cen X-3,,Cen X-3,0,11.35419447,-60.623889,170.312917,,
305,4U 1954+31,,4U 1954+31,0,19.92841667,32.096944,298.92625,,
306,V404 Cyg,,V404 Cyg,0,20.40105553,33.867222,306.015833,,
307,MCW 656,,MCW 656,0,18.31011113,-13.800556,274.651667,,
308,GRS 1915+105,,GRS 1915+105,0,19.25319447,10.945833,288.797917,,
309,SS433,,SS433,0,19.19711113,4.982778,287.956667,,
310,M82 X-1,,M82 X-1,0,9.930555533,69.679444,148.958333,,
311,M101 ULX-1,,M101-ULX1,0,14.059,54.350833,210.885,,
312,M82 X-2,,M82 X-2,0,9.930833333,69.679167,148.9625,,
313,RZ 2109 ULX,,[LB2005] NGC 4472 X3,0,12.49436113,7.891944,187.415417,,
314,gamma Cas,,gam Cas,0,0.945138867,60.716667,14.177083,,
315,IGR J17544-2619,,IGR J17544-2619,0,17.9070278,-26.331389,268.605417,,
316,WR 140,,WR 140,0,20.34111113,43.854444,305.116667,,
317,XX Oph,,XX Oph,0,17.73236113,-6.269167,265.985417,,
318,PSR B1259-63,,PSR B1259-63,0,13.04658333,-63.835833,195.69875,,
319,PSR B1957+20,,PSR B1957+20,0,19.9935278,20.804167,299.902917,,
320,PSR J1417-4402,,PSR J1417-4402,0,14.29183333,-44.049167,214.3775,,
321,alpha Cen,,alf Cen,0,14.65825,-60.832222,219.87375,,
322,T Tau,,T Tau,0,4.3665,19.535,65.4975,,
323,Luhman 16,,Luhman 16,0,10.82191667,-53.319444,162.32875,,
324,WD 0135-052,,WD 0135-052,0,1.633166667,-4.995833,24.4975,,
325,PSR J1719-1438,,PSR J1719-1438,0,17.3194722,-14.633611,259.792083,,
326,PSR B1913+16,,PSR B1913+16,0,19.2577778,16.1075,288.866667,,
327,HW Vir,,HW Vir,0,12.73894447,-8.671389,191.084167,,
328,KOI 54,,KOI-54,0,19.7709722,43.9475,296.564583,,
329,YY Gem,,YY Gem,0,7.577055533,31.869444,113.655833,,
330,epsilon Aur,,eps Aur,0,5.032805533,43.823333,75.492083,,
331,PSR J0737-3039,,PSR J0737-3039,0,7.630888867,-30.661389,114.463333,,
332,KIC 8145411,,KIC 8145411,0,18.83555553,44.073611,282.533333,,
333,RS CVn,,RS CVn,0,13.17691667,35.935,197.65375,,
334,IC 2391,,IC 2391,0,8.675555533,-53.033333,130.133333,,
335,M67,,M67,0,8.855,11.8,132.825,,
336,Westerlund 1,,Westerlund 1,0,16.78444447,-45.851389,251.766667,,
337,N1023-FF-14,,[BL2002] N1023-FF-14,0,2.672111133,39.076944,40.081667,,
338,47 Tuc,,47 Tuc,0,0.4015,-72.081389,6.0225,,
339,M15,,M15,0,21.4995278,12.166944,322.492917,,
340,NGC 6752,,NGC 6752,0,19.18113887,-59.984444,287.717083,,
341,M31-EC4,,M31-EC4,0,0.970944467,38.050556,14.564167,,
342,Palomar 1,,Palomar 1,0,3.555555533,79.581111,53.333333,,
343,Central cluster,,Gal Center,0,17.76111113,-29.007778,266.416667,,
344,omega Cen,,ome Cen,0,13.4464722,-47.479444,201.697083,,
345,CMa R1,,CMa R1,0,7.066666667,-11.5,106,,
346,Cyg OB2,,Cyg OB2,0,20.55333333,41.316667,308.3,,
347,NGC 604,,NGC 604,0,1.575583333,30.783611,23.63375,,
348,Cen A outer filament,,[FG2000b] 7,0,13.44113887,-42.834944,201.617083,,
349,zeta Oph cloud,,zet Oph Cloud,0,16.61916667,-10.566667,249.2875,,
350,NGC 7023,,NGC 7023,0,21.02691667,68.163333,315.40375,,
351,Ori A,,Orion A,0,5.6372778,-7.118889,84.559167,,
352,G028.37+00.07,,MSXDC G028.37+0.07,0,18.71405553,-4.058333,280.710833,,
353,TMC-1,,TMC-1,0,4.696083333,25.690833,70.44125,,
354,Barnard 68,,Barnard 68,0,17.3772778,-23.826111,260.659167,,
355,Orion hot core,,Orion hot core,0,5.587361133,-5.375,83.810417,,
356,Sex A hole,,Sextans A,0,10.1834722,-4.691667,152.752083,,
357,M42,,M42,0,5.588138867,-5.391111,83.822083,,
358,W3(OH),,W3(OH),0,2.451138867,61.872778,36.767083,,
359,NGC 3603,,NGC 3603,0,11.25516667,-61.257222,168.8275,,
360,Arp 220,,Arp 220,0,15.58255553,23.503333,233.738333,,
361,HH 1,,HH 1,0,5.6057778,-6.753611,84.086667,,
362,EGO G16.59-0.05,,EGO G16.59-0.05,0,18.35255553,-14.529167,275.288333,,
363,zeta Oph bow shock,,,0,16.62083333,-10.5,249.3125,,
364,Red rectangle nebula,,HD 44179,0,6.332833333,-10.6375,94.9925,,
365,Helix nebula,,NGC 7293,0,22.4940278,-20.837222,337.410417,,
366,NGC 6302,,NGC 6302,0,17.2289722,-37.103056,258.434583,,
367,NGC 2346,,NGC 2346,0,7.15625,0.806667,107.34375,,
368,IRC +10420,,IRC +10420,0,19.44669447,11.354722,291.700417,,
369,SBW 1,,[SBW2007] 1,0,10.67205553,-59.819444,160.080833,,
370,Homunculus nebula,,Homunculus Nebula,0,10.7509722,-59.684444,161.264583,,
371,S 308,,HD 50896,0,6.903611133,-23.928333,103.554167,,
372,Cas A,,Cas A,0,23.39,58.815,350.85,,
373,Kes 75,,Kes 75,0,18.77375,-2.987222,281.60625,,
374,W44,,W44,0,18.93630553,1.2225,284.044583,,
375,SN 1987A,,SN 1987A,0,5.591111133,-69.269722,83.866667,,
376,Crab nebula,,Crab nebula,0,5.5755278,22.014444,83.632917,,
377,SWIFT J1834.9-0846 nebula,,SWIFT J1834.9-0846,0,18.58133333,-8.761389,278.72,,
378,PSR B1957+20 bow shock,,PSR B1957+20,0,19.9935278,20.804167,299.902917,,
379,Geminga halo,,,0,6.5652778,17.769722,98.479167,,
380,R Aqr nebula,,,0,23.73041667,-15.284444,355.95625,,
381,GK Per shell,,LEDA 13065,0,3.5199722,43.904167,52.799583,,
382,CAL 83 nebula,,CAL 83,0,5.726166667,-68.372778,85.8925,,
383,SAX J1712.6-3739 nebula,,SAX J1712.6-3739,0,17.20961113,-37.65,258.144167,,
384,Cyg X-1 shell,,,0,19.97269447,35.201667,299.590417,,
385,N159F,,LMC X-1,0,5.6607778,-69.743333,84.911667,,
386,W50,,W50,0,19.20555553,4.916667,288.083333,,
387,Cyg cocoon,,,0,20.47769447,41.171528,307.165417,,
388,HVC 125+41-208,,HVC 125+41-208,0,12.4,75.6,186,,
389,SSA22a-LAB01,,[GNM2016] SSA22-LAB01 ALMA c,0,22.29058333,0.208889,334.35875,,
390,NGC 6166,,NGC 6166,0,16.4772778,39.551111,247.159167,,
391,NGC 4636,,NGC 4636,0,12.71386113,2.687778,190.707917,,
392,M59,,M59,0,12.70063887,11.646944,190.509583,,
393,NGC 821,,NGC 821,0,2.139194467,10.995,32.087917,,
394,NGC 3115,,NGC 3115,0,10.0872222,-7.718611,151.308333,,
395,NGC 4260,,NGC 4260,0,12.32283333,6.098889,184.8425,,
396,M32,,M32,0,0.711611133,40.865278,10.674167,,
397,NGC 4546 UCD-1,,[NK2011] NGC 4546 UCD1,0,12.59130553,-3.789167,188.869583,,
398,NGC 205,,NGC 205,0,0.672805533,41.685278,10.092083,,
399,Sculptor dSph,,Sculptor dSph,0,1.002611133,-33.708889,15.039167,,
400,UMa II,,UMa II Galaxy,0,8.858333333,63.13,132.875,,
401,NGC 4431,,NGC 4431,0,12.45761113,12.290278,186.864167,,
402,NGC 1277,,NGC 1277,0,3.3309722,41.573333,49.964583,,
403,MRG-M0150,,RG1M0150,0,1.8392222,-10.091667,27.588333,,
404,MRG-M0138,,[NBE2018] MRG-M0138,0,1.634416667,-21.930278,24.51625,,
405,IC 976,,IC 976,0,14.14536113,-1.161667,212.180417,,
406,NGC 404,,NGC 404,0,1.1575278,35.718056,17.362917,,
407,M81,,M81,0,9.925888867,69.065278,148.888333,,
408,M100,,M100,0,12.38191667,15.822222,185.72875,,
409,D563-4,,ESDO 563-04,0,8.918666667,19.751111,133.78,,
410,NGC 891,,NGC 891,0,2.375805533,42.348333,35.637083,,
411,Phoenix dwarf,,Phoenix Dwarf Gal,0,1.85175,-44.444722,27.77625,,
412,NGC 5173,,NGC 5173,0,13.47369447,46.591667,202.105417,,
413,IC 225,,IC 225,0,2.441194467,1.160278,36.617917,,
414,M101,,M101,0,14.0535,54.348889,210.8025,,
415,NGC 300,,NGC 300,0,0.914833333,-37.684167,13.7225,,
416,NGC 55,,NGC 55,0,0.2482222,-39.196667,3.723333,,
417,NGC 4701,,NGC 4701,0,12.81988887,3.388611,192.298333,,
418,SS 16,,2MASX J09470010+2540462,0,9.783361133,25.679444,146.750417,,
419,M99,,M99,0,12.3137778,14.416389,184.706667,,
420,NGC 4631,,NGC 4631,0,12.7022222,32.541389,190.533333,,
421,NGC 6822,,NGC 6822,0,19.74894447,-14.7975,296.234167,,
422,IC 1613,,IC 1613,0,1.0817222,2.133333,16.225833,,
423,NGC 3077,,NGC 3077,0,10.05530553,68.733889,150.829583,,
424,SGAS J143845.1+145407,,SGAS J143845.1+145407,0,14.64586113,14.901944,219.687917,,
425,Sp1149 (A1),,[SEL2009] A1.1,0,11.8264722,22.396111,177.397083,,
426,A68-HLS115,,[SZS2014] A68/HLS115,0,0.619305533,9.151111,9.289583,,
427,HLock-01 (R),,HLock01,0,10.96419447,57.5075,164.462917,,
428,M82,,M82,0,9.9312222,69.679722,148.968333,,
429,Arp 236,,Arp 236,0,1.1297778,-17.506944,16.946667,,
430,HIZOA J0836-43,,HIZOA J0836-43,0,8.611694467,-43.635278,129.175417,,
431,I Zwicky 18,,Mrk 116,0,9.56725,55.240278,143.50875,,
432,POX 186,,POX 186,0,13.43016667,-11.610556,201.4525,,
433,Haro 2,,[H56] 2,0,10.5422222,54.401111,158.133333,,
434,NGC 2366,,NGC 2366,0,7.481083333,69.208611,112.21625,,
435,ID11,,[MSG2014] 11a,0,22.81166667,-44.541111,342.175,,
436,SL2S J02176-0513,,SL2S J021737-051329,0,2.293638867,-5.225,34.404583,,
437,cB 58,,cB 58,0,15.2395278,36.607222,228.592917,,
438,SMM J2135-0102,,Eyelash,0,21.58655553,-1.047778,323.798333,,
439,Minkowski's object,,Minkowski's Object,0,1.4297222,-1.371667,21.445833,,
440,Malin 1,,Malin 1,0,12.6164722,14.330278,189.247083,,
441,VCC 1287,,VCC 1287,0,12.50661113,13.982222,187.599167,,
442,UGC 2162,,UGC 2162,0,2.6735,1.226667,40.1025,,
443,HI 1232+20,,HI 1232+20 System,0,12.53333333,20.416667,188,,
444,Cartwheel,,Cartwheel,0,0.628083333,-33.716389,9.42125,,
445,NGC 4650A,,NGC 4650A,0,12.74694447,-40.714444,191.204167,,
446,Hoag's object,,Hoag Object,0,15.28733333,21.585556,229.31,,
447,M51a/b,,M51,0,13.4979722,47.195278,202.469583,,
448,Antennae,,Antennae,0,12.03144447,-18.877222,180.471667,,
449,Antennae TDG,,[MDL92] TDG,0,12.02380553,-19.011667,180.357083,,
450,3C 75,,3C 75,0,2.961555533,6.024444,44.423333,,
451,ESO 137-001,,ESO 137-001,0,16.22425,-60.764167,243.36375,,
452,IC 3418,,IC 3418,0,12.4955278,11.404722,187.432917,,
453,M51a,,NGC 5194,0,13.4979722,47.195278,202.469583,,
454,NGC 7793,,NGC 7793,0,23.96383333,-32.591111,359.4575,,
455,NGC 4622,,NGC 4622,0,12.71044447,-40.744167,190.656667,,
456,M91,,M91,0,12.59066667,14.496389,188.86,,
457,NGC 1097,,NGC 1097,0,2.7719722,-30.275,41.579583,,
458,M64,,M64,0,12.9454722,21.682778,194.182083,,
459,NGC 1291,,NGC 1291,0,3.2885,-41.108056,49.3275,,
460,NGC 2787,,NGC 2787,0,9.321833333,69.203333,139.8275,,
461,NGC 1365,,NGC 1365,0,3.560138867,-36.140556,53.402083,,
462,NGC 6012,,NGC 6012,0,15.90386113,14.601111,238.557917,,
463,NGC 1433,,NGC 1433,0,3.700444467,-47.221944,55.506667,,
464,NGC 5101,,NGC 5101,0,13.36283333,-27.430556,200.4425,,
465,NGC 3898,,NGC 3898,0,11.82094447,56.084444,177.314167,,
466,UGC 7321,,UGC 7321,0,12.2927778,22.539722,184.391667,,
467,NGC 3923,,NGC 3923,0,11.8505,-28.806111,177.7575,,
468,LEDA 074886,,LEDA 074886,0,3.678666667,-18.645278,55.18,,
469,KK 246,,ESO 461-036,0,20.06594447,-31.681389,300.989167,,
470,ESO 243-49 HLX1,,[FWB2009] HLX-1,0,1.1745278,-46.072778,17.617917,,
471,Sgr A*,,Sgr A*,0,17.76111113,-29.007778,266.416667,,
472,NGC 1052,,NGC 1052,0,2.684666667,-8.255833,40.27,,
473,NGC 4395,,NGC 4395,0,12.43025,33.546944,186.45375,,
474,NGC 4686,,NGC 4686,0,12.7777222,54.534167,191.665833,,
475,NGC 7469,,NGC 7469,0,23.05436113,8.873611,345.815417,,
476,NGC 1068,,NGC 1068,0,2.711333333,0.013333,40.67,,
477,I Zwicky 1,,Mrk 1502,0,0.8930278,12.693333,13.395417,,
478,NGC 2911,,NGC 2911,0,9.562805533,10.1525,143.442083,,
479,Cen A,,Cen A,0,13.42433333,-43.019167,201.365,,
480,Cyg A,,Cyg A,0,19.9912222,40.733889,299.868333,,
481,NGC 1265,,NGC 1265,0,3.304361133,41.857778,49.565417,,
482,3C 403,,3C 403,0,19.87105553,2.506667,298.065833,,
483,3C 286,,3C 286,0,13.5189722,30.509167,202.784583,,
484,PKS 1934-638,,PKS 1934-638,0,19.65694447,-63.712778,294.854167,,
485,3C 273,,3C 273,0,12.48519447,2.0525,187.277917,,
486,Mrk 335,,Mrk 335,0,0.105416667,20.203056,1.58125,,
487,Cloverleaf quasar,,QSO J1415+1129,0,14.26283333,11.495278,213.9425,,
488,PHL 1811,,PHL 1811,0,21.91708333,-9.373333,328.75625,,
489,BL Lac,,BL Lac,0,22.04536113,42.277778,330.680417,,
490,3C 279,,3C 279,0,12.93644447,-5.789444,194.046667,,
491,TXS 0506+056,,TXS 0506+056,0,5.1572222,5.693056,77.358333,,
492,SST24 J143644.2+350627,,CXOXB J143644.2+350626,0,14.6122778,35.1075,219.184167,,
493,WISE 1814+3412,,WISE J181417.29+341224.9,0,18.23813887,34.206944,273.572083,,
494,NGC 4258,,NGC 4258,0,12.316,47.303611,184.74,,
495,NGC 4151,,NGC 4151,0,12.1757222,39.405833,182.635833,,
496,NGC 6240,,NGC 6240,0,16.8830278,2.401111,253.245417,,
497,0402+379,,ICRF J040549.2+380332,0,4.0970278,38.058889,61.455417,,
498,OJ 287,,OJ 287,0,8.913583333,20.108611,133.70375,,
499,Hanny's voorwerp,,Hanny's Voorwerp,0,9.684388867,34.726111,145.265833,,
500,B2 0924+30,,B2 0924+30,0,9.464666667,29.985833,141.97,,
501,Arp 294,,Arp 294,0,11.66166667,31.916667,174.925,,
502,UGCA 319/320,,[TSK2008] 245,0,13.0452778,-17.319444,195.679167,,
503,Stephan's quintet,,Stephan's Quintet,0,22.59930553,33.96,338.989583,,
504,NGC 6482,,NGC 6482,0,17.86355553,23.071944,267.953333,,
505,Fornax cluster,,Fornax Cluster,0,3.641666667,-35.455,54.625,,
506,Virgo cluster,,Virgo Cluster,0,12.44225,12.723333,186.63375,,
507,Coma cluster,,Coma Cluster,0,12.99686113,27.980556,194.952917,,
508,Perseus cluster,,Perseus Cluster,0,3.3297778,41.513056,49.946667,,
509,Bullet cluster,,Bullet Cluster,0,6.974888867,-55.944167,104.623333,,
510,SSA22,,SSA22,0,22.2929722,0.251944,334.394583,,
511,Abell 3667,,Abell 3667,0,20.20936113,-56.840556,303.140417,,
512,Coma C,,Coma C,0,12.98833333,27.783333,194.825,,
513,NGC 1275 minihalo,,NGC 1275,0,3.330055533,41.511667,49.950833,,
514,1253+275,,Coma Relic,0,12.91666667,27.2,193.75,,
515,Leo ring,,Leo Ring,0,10.79633887,12.1864,161.945083,,
516,Laniakea attractor,,Laniakea Supercluster,0,14.53333333,-43.233333,218,,
517,Dipole repeller,,,0,22.41666667,37.25,336.25,,
518,ISS,International Space Station  (-125544),,1,,,,,
519,[GPS],,,1,,,,,
520,[ComSat],,,1,,,,,
521,[AmRadSat],,,1,,,,,
522,[EarthObsSat],,,1,,,,,
523,[WeatherSat],,,1,,,,,
524,HST,Hubble Space Telescope (1990-037B),,1,,,,,
525,Voyager 1,Voyager 1 (-31),,1,,,,,
526,LightSail 2,,,1,,,,,
527,LCS-1,LCS-1 (-101361),,1,,,,,
528,Vanguard I,Vanguard I,,1,,,,,
529,[Booster],,,1,,,,,
530,1963-014G,1963-014G,,1,,,,,
531,1976-103G,1976-103G,,1,,,,,
532,Tesla roadster,SpaceX Roadster (-143205),,1,,,,,
533,Solar antipoint,Solar antipoint,,1,,,,,
534,Earth-Moon L5,EM-L5,,1,,,,,
535,Earth-Sun L4,EM-L4,,1,,,,,
536,Galactic anticenter,,Gal Anticenter,0,5.760333333,28.936111,86.405,,
537,1173 Anchises,1173 Anchises (1930 UB),,1,,,,,
538,(55636) 2002 TX300,55636 (2002 TX300),,1,,,,,
539,Cha 110913-773444,,Cha J110913-773444,0,11.1537778,-77.579167,167.306667,,
540,2019 LF6,(2019 LF6),,1,,,,,
541,2012 VP113,(2012 VP113),,1,,,,,
542,Proteus,Proteus (NVIII),,1,,,,,
543,Neso,Neso (2002N4),,1,,,,,
544,Metis,Metis (516),,1,,,,,
545,1SWASP J140752.03-394415.1,,1SWASP J140752.03-394415.1,0,14.13111113,-39.7375,211.966667,,
546,Mimas,Mimas (601),,1,,,,,
547,Iapetus,Iapetus (SVIII),,1,,,,,
548,Tethys,Tethys (SIII),,1,,,,,
549,Charon,Charon (901),,1,,,,,
550,Miranda,Miranda (705),,1,,,,,
551,Kepler 138,,Kepler 138,0,19.3587778,43.293056,290.381667,,
552,Kepler 37,,Kepler 37,0,18.93730553,44.518056,284.059583,,
553,Kepler 107,,Kepler 107,0,19.80188887,48.208611,297.028333,,
554,82 Eri,,82 Eri,0,3.332138867,-43.069722,49.982083,,
555,KOI 1843.03,,KOI-1843.03,0,19.00086113,40.220833,285.012917,,
556,HAT-P-67,,HAT-P-67,0,17.10738887,44.776944,256.610833,,
557,Kepler 51,,Kepler 51,0,19.76530553,49.937778,296.479583,,
558,KELT 9,,KELT-9,0,20.524,39.938889,307.86,,
559,TrES-2,,TrES-2,0,19.12055553,49.316389,286.808333,,
560,V830 Tau,,V830 Tau,0,4.5527778,24.561944,68.291667,,
561,kappa And,,kap And,0,23.6734722,44.333889,355.102083,,
562,omicron UMa,,omi UMa,0,8.504416667,60.718056,127.56625,,
563,HD 208527,,HD 208527,0,21.94,21.239722,329.1,,
564,GJ 3483 B,,WD 0806-661B,0,8.12075,-66.313611,121.81125,,
565,HD 163269,,HD 163269,0,17.93180553,-12.870278,268.977083,,
566,R136 a1,,RMC 136a,0,5.645361133,-69.102222,84.680417,,
567,EBLM J0555-57 Ab,,EBLM J0555-57,0,5.92575,-57.290556,88.88625,,
568,Feige 34,,Feige 34,0,10.66019447,43.1025,159.902917,,
569,NML Cyg,,NML Cyg,0,20.77375,40.116389,311.60625,,
570,UY Sct,,UY Sct,0,18.46013887,-12.466389,276.902083,,
571,SMSS J0313-6708,,SMSS J031300.36-670839.3,0,3.2167778,-67.144167,48.251667,,
572,14 Her,,14 Her,0,16.17341667,43.8175,242.60125,,
573,SDSS J102915+172927,,SDSS J102915.14+172927.9,0,10.4875278,17.491111,157.312917,,
574,S4711,,,0,17.76111113,-29.007778,266.416667,,
575,S5-HVS1,,HE 2251-5127,0,22.91433333,-51.195556,343.715,,
576,SDSS J222859.93+362359.6,,SDSS J222859.93+362359.6,0,22.48330553,36.4,337.249583,,
577,U Sco,,U Sco,0,16.3752222,-17.878611,245.628333,,
578,LHS 4033,,LHS 4033,0,23.8755278,-2.886667,358.132917,,
579,PSR J2222-0137,,PSR J2222-0137,0,22.36833333,-1.621111,335.525,,
580,RX J0439.8-6809,,RX J0439.8-6809,0,4.6637778,-68.150278,69.956667,,
581,PG 1031+234,,PG 1031+234,0,10.56366667,23.154444,158.455,,
582,WD 0346+246,,[HSH97] WD 0346+246,0,3.779583333,24.934167,56.69375,,
583,LP 400-22,,LP 400-22,0,22.60833333,22.54,339.125,,
584,4U 1538-522,,4U 1538-522,0,15.7065,-52.386111,235.5975,,
585,MSP J0740+6620,,PSR J0740+6620,0,7.679388867,66.342778,115.190833,,
586,PSR J0537-6910,,PSR J0537-6910,0,5.629638867,-69.171389,84.444583,,
587,PSR J2144-3933,,PSR J2144-3933,0,21.73669447,-39.565278,326.050417,,
588,XTE J1739-285,,XTE J1739-285,0,17.665,-28.496389,264.975,,
589,AX J1910.7+0917,,AX J1910.7+0917,0,19.1787778,9.275,287.681667,,
590,IGR J00291+5934,,IGR J00291+5934,0,0.484194467,59.571944,7.262917,,
591,SGR 1900+14,,SGR 1900+14,0,19.1202778,9.326111,286.804167,,
592,NS 1987A,,SN 1987A,0,5.591111133,-69.269722,83.866667,,
593,PSR B1508+55,,PSR B1508+55,0,15.15713887,55.525833,227.357083,,
594,PSR J1748-2446ad,,PSR J1748-2446ad,0,17.80136113,-24.767778,267.020417,,
595,PSR J0250+5854,,PSR J0250+5854,0,2.8382778,58.900278,42.574167,,
596,2MASS J05215658+4359220,,2MASS J05215658+4359220,0,5.3657222,43.989444,80.485833,,
597,HM Cnc,,HM Cnc,0,8.106388867,15.458611,121.595833,,
598,NGC 5907 ULX,,NGC 5907 ULX-1,0,15.2662778,56.302778,228.994167,,
599,TWA 42,,TWA 42,0,11.32569447,-11.629722,169.885417,,
600,Melnick 34,,Cl* NGC 2070 MEL 34,0,5.645638867,-69.101667,84.684583,,
601,PSR J2322-2650,,PSR J2322-2650,0,23.3762778,-26.849444,350.644167,,
602,ZTF J153932.16+502738.8,,ZTF J153932.16+502738.8,0,15.65894447,50.460833,234.884167,,
603,65 UMa,,65 UMa,0,11.91825,46.476944,178.77375,,
604,IRS 13E,,GCIRS 13E,0,17.7610278,-29.008333,266.415417,,
605,NGC 7252 W3,,[WSL93] 3,0,22.3455278,-24.677222,335.182917,,
606,HD 97950,,HD 97950,0,11.2520278,-61.260833,168.780417,,
607,Be 17,,Cl Berkeley 17,0,5.3437222,30.59,80.155833,,
608,NGC 6791,,NGC 6791,0,19.34805553,37.771667,290.220833,,
609,Mayall II,,Mayall II,0,0.54625,39.577778,8.19375,,
610,(GC) 037-B327,,Bol 37,0,0.693055533,41.248611,10.395833,,
611,M85-HCC 1,,[SVR2015] M85-HCC1,0,12.423,18.181667,186.345,,
612,Kim 3,,Kim 3,0,13.3792222,-30.601111,200.688333,,
613,NGC 6522,,NGC 6522,0,18.0594722,-30.033889,270.892083,,
614,ESO 280-SC06,,ESO 280-6,0,18.15166667,-46.423333,272.275,,
615,NGC 6528,,NGC 6528,0,18.08044447,-30.055833,271.206667,,
616,Boomerang nebula,,Boomerang Nebula,0,12.74613887,-54.520278,191.192083,,
617,Sgr B2,,Sgr B2,0,17.789,-28.385278,266.835,,
618,Sgr B2(N) AN01,,Sgr B2 HII K2,0,17.78886113,-28.371667,266.832917,,
619,30 Dor,,30 Dor Nebula,0,5.643333333,-69.086389,84.65,,
620,W49N,,W49N,0,19.17033333,9.103333,287.555,,
621,Segue 2,,Segue 2,0,2.321111133,20.175278,34.816667,,
622,Segue 1,,Segue 1,0,10.11755553,16.073611,151.763333,,
623,IC 1101,,IC 1101,0,15.18225,5.744722,227.73375,,
624,OGC 21,,2MASX J12220526+4518109,0,12.36813887,45.303056,185.522083,,
625,LEDA 088678,,LEDA 88678,0,12.98958333,-4.196111,194.84375,,
626,M59-UCD3,,[SVR2015] M59-UCD3,0,12.70305553,11.644722,190.545833,,
627,SPT 0346-52,,SPT-S J034640-5204.9,0,3.778111133,-52.085,56.671667,,
628,WISE J101326.25+611220.1,,WISE J101326.25+611220.1,0,10.22394447,61.205556,153.359167,,
629,Ant 2,,Antlia II Dwarf Galaxy,0,9.592444467,-36.767222,143.886667,,
630,Ret II,,Reticulum II,0,3.5950278,-54.049167,53.925417,,
631,GN-z11,,[OBI2014] GN-z10-1,0,12.60708333,62.241944,189.10625,,
632,MACS0647-JD,,[CZC2013] MACS0647-JD1,0,6.798805533,70.243333,101.982083,,
633,ZF-COSMOS-20115,,ZFOURGE COSMOS 20115,0,10.00411113,2.378611,150.061667,,
634,AGC 229385,,Coma P,0,12.53619447,20.423333,188.042917,,
635,J0811+4730,,SDSS J081152.12+473026.2,0,8.197805533,47.507222,122.967083,,
636,NGC 2841,,NGC 2841,0,9.367416667,50.976389,140.51125,,
637,IRAS 14070+0525,,[DG2000] 14070+0525,0,14.1585278,5.191944,212.377917,,
638,SS 14,,SDSS J095727.02+083501.7,0,9.9575,8.583889,149.3625,,
639,SS 03,,2MASX J16394598+4609058,0,16.6627778,46.151667,249.941667,,
640,A1689B11,,[BBC2005] Source 11,0,13.19258333,-1.351944,197.88875,,
641,SPT-CLJ2344-4243 arc,,,0,23.74624167,-42.718397,356.193625,,
642,Snake,,[ZRN2012] 1.1,0,12.103,-8.800278,181.545,,
643,RGG 118,,[RGG2013] 118,0,15.38438887,11.7625,230.765833,,
644,Holm 15A,,MCG-02-02-086,0,0.697361133,-9.303056,10.460417,,
645,HS 1946+7658,,HS 1946+7658,0,19.74858333,77.098056,296.22875,,
646,SMSS 2157-36,,2MASS J21572822-3602151,0,21.95783333,-36.0375,329.3675,,
647,WISE 2246-0526,,WISE J224607.55-052634.9,0,22.7687778,-5.443056,341.531667,,
648,M60-UCD1,,M60-UCD1,0,12.72666667,11.534722,190.9,,
649,J1329+3234,,SDSS J132932.41+323417.0,0,13.49233333,32.571389,202.385,,
650,J1342+0928,,ULAS J134208.10+092838.6,0,13.70225,9.477222,205.53375,,
651,CLASH B1938+666,,BWE 1938+6641,0,19.64036113,66.814722,294.605417,,
652,COSMOS 5921+0638,,[FKC2008] COSMOS 5921+0638,0,9.989361133,2.110556,149.840417,,
653,J1420-0545,,NVSS J142023-054532,0,14.33994447,-5.757778,215.099167,,
654,J0804+3607,,FIRST J080431.0+360718,0,8.0752778,36.121667,121.129167,,
655,HCG 54,,HCG 54,0,11.4875,20.578333,172.3125,,
656,Seyfert's sextet,,Seyfert Sextet,0,15.98655553,20.756944,239.798333,,
657,Abell 370,,Abell 370,0,2.6640278,-1.585556,39.960417,,
658,MACS J0717.5+34,,ClG J0717+3745,0,7.2934722,37.756389,109.402083,,
659,Abell 665,,Abell 665,0,8.512555533,65.881944,127.688333,,
660,Phoenix cluster,,SPT-CL J2344-4243,0,23.74469447,-42.698333,356.170417,,
661,CL J1001+0220,,ClG J1001+0220,0,10.01588887,2.336944,150.238333,,
662,A2744z8OD,,[IKO2015] HFF1C-Y5,0,0.24025,-30.382222,3.60375,,
663,Shapley supercluster,,Shapley Supercluster,0,13.1,-33.066667,196.5,,
664,HE 0430-2457,,HE 0430-2457,0,4.551055533,-24.855556,68.265833,,
665,PSR J1911-5958A,,PSR J1911-5958A,0,19.1952222,-59.974167,287.928333,,
666,PSR J1740-5340,,PSR J1740-5340,0,17.67905553,-53.678056,265.185833,,
667,S0-2,,[GKM98] S0-2,0,17.76111113,-29.007778,266.416667,,
668,IRS 16C,,GCIRS 16C,0,17.76113887,-29.007778,266.417083,,
669,G2,,G2 Dust Cloud,0,17.76111113,-29.007778,266.416667,,
670,ASASSN -14jb,,ASASSN -14jb,0,22.38780553,-28.975278,335.817083,,
671,SN 2009ip,,SN 2009ip,0,22.38563887,-28.947778,335.784583,,
672,HVGC-1,,[SRB2011] H70848,0,12.51519447,12.683056,187.727917,,
673,3C 186,,3C 186,0,7.738194467,37.888056,116.072917,,
674,SDSS J113323.97+550415.9,,SDSS J113323.97+550415.9,0,11.55666667,55.071111,173.35,,
675,17P/Holmes,5477 Holmes (1989 UH2),,1,,,,,
676,Uranus,Uranus (799),,1,,,,,
677,HIP 41378,,HIP 41378,0,8.441055533,10.080278,126.615833,,
678,HD 65949,,HD 65949,0,7.96325,-60.609722,119.44875,,
679,Przybylski's star,,HD 101065,0,11.62694447,-46.709722,174.404167,,
680,HD 106038,,HD 106038,0,12.20038887,13.261389,183.005833,,
681,HD 135485,,HD 135485,0,15.26258333,-14.693056,228.93875,,
682,LS IV-14 116,,LS IV-14 116,0,20.96080553,-14.428889,314.412083,,
683,2MASS J13535604+4437076,,2MASS J13535604+4437076,0,13.89891667,44.618889,208.48375,,
684,COM 6266B,,PSR J1701-3006B,0,17.02019447,-30.113611,255.302917,,
685,M67-S1063,,Cl* NGC 2682 SAND 1063,0,8.8537222,11.861111,132.805833,,
686,[SBD2011] 5,,[SBD2011] 5,0,11.25194447,-61.257222,168.779167,,
687,1E 1613-5055,,RCW 103,0,16.2925,-51.033333,244.3875,,
688,DWD HS 2220+2146,,HS 2220+2146,0,22.3837778,22.025,335.756667,,
689,NGC 1277*,,NGC 1277,0,3.3309722,41.573333,49.964583,,
690,Was 49b,,Was 49b,0,12.2382778,29.528611,183.574167,,
691,2MASX J07390433+1804252,,2MASX J07390433+1804252,0,7.651194467,18.073611,114.767917,,
692,J 06587-5558,,[LEH2001] J06587-5558,0,6.978361133,-55.976944,104.675417,,
693,ASASSN -15lh,,ASASSN -15lh,0,22.03761113,-61.659722,330.564167,,
694,CMB cold spot,,the Cold Spot,0,3.216666667,-20.5,48.25,,
695,(10537) 1991 RY16,10537 (1991 RY16),,1,,,,,
696,KIC 8462852,,KIC 8462852,0,20.10430553,44.456944,301.564583,,
697,HD 139139,,HD 139139,0,15.61838887,-19.1425,234.275833,,
698,VVV-WIT-07,,VVV-WIT-07,0,17.4415,-35.682222,261.6225,,
699,ASASSN-V J060000.76-310027.83,,ASASSN-V J060000.76-310027.8,0,6.0002222,-31.007778,90.003333,,
700,WISEA 0615-1247,,WISEA J061543.91-124726.8,0,6.262111133,-12.789444,93.931667,,
701,45 Dra,,45 Dra,0,18.54291667,57.045556,278.14375,,
702,OGLE LMC-CEP-4506,,OGLE LMC-CEP-4506,0,5.8915,-67.899722,88.3725,,
703,EK Dra,,EK Dra,0,14.65005553,64.291667,219.750833,,
704,ASASSN-V J190917.06+182837.36,,ASASSN-V J190917.06+182837.3,0,19.15475,18.476944,287.32125,,
705,ASASSN-V J213939.3-702817.4,,Gaia DR2 6396259296582909440,0,21.66091667,-70.471389,324.91375,,
706,ASASSN V J193622.23+115244.1,,ASASSN-V J193622.23+115244.1,0,19.60616667,11.878889,294.0925,,
707,NGC 3021-CANDIDATE 1,,[RFG2015] NGC3021 CANDIDATE1,0,9.8487222,33.553889,147.730833,,
708,BW Vul,,BW Vul,0,20.9062222,28.521944,313.593333,,
709,BD +31 1048,,BD +31 1048,0,5.676638867,31.358333,85.149583,,
710,AQ CVn,,AQ CVn,0,12.72825,32.357778,190.92375,,
711,bet Cam,,bet Cam,0,5.0569722,60.442222,75.854583,,
712,V654 Her,,V654 Her,0,16.96138887,35.269722,254.420833,,
713,PTF 14jg,,PTF 14jg,0,2.6750278,60.879444,40.125417,,
714,ASASSN-19lb,,,0,11.6637222,-70.675278,174.955833,,
715,ASASSN-20lj,,,0,16.77075,17.005,251.56125,,
716,YZ CMi,,YZ CMi,0,7.7445,3.5525,116.1675,,
717,Landstreet's star,,HD 37776,0,5.682333333,-1.507222,85.235,,
718,GRB 060614,,GRB 060614,0,21.39225,-53.026667,320.88375,,
719,GRB 060505,,GRB 060505,0,22.11761113,-27.814444,331.764167,,
720,PSR B0919+06,,PSR B0919+06,0,9.370555533,6.639722,140.558333,,
721,DDE 168,,Gaia DR2 6084621829711973504,0,13.08738887,-49.316389,196.310833,,
722,UMi dSph,,UMi dSph,0,15.15313887,67.214444,227.297083,,
723,NGC 247,,NGC 247,0,0.7857222,-20.760278,11.785833,,
724,Leoncino dwarf,,Leoncino Dwarf Galaxy,0,9.725666667,33.449444,145.885,,
725,Spikey,,KIC 11606854,0,19.31266667,49.632222,289.69,,
726,ZTF19abanrhr,,SDSS J124942.30+344928.9,0,12.82841667,34.824722,192.42625,,
727,GSN 069,,GSN 069,0,1.319083333,-34.191944,19.78625,,
728,MCG+00-09-070,,MCG+00-09-070,0,3.369083333,0.836389,50.53625,,
729,3C 141,,3C 141,0,5.445166667,32.832778,81.6775,,
730,3C 125,,3C 125,0,4.771611133,39.750833,71.574167,,
731,3C 431,,3C 431,0,21.31458333,49.616389,319.71875,,
732,PMN J1751-2524,,PMN J1751-2524,0,17.86425,-25.4,267.96375,,
733,FRB 121102,,FRB 121102,0,5.536,33.086944,83.04,,
734,ORC 2,,,0,20.97855553,-57.615833,314.678333,,
735,Galactic center radio arc,,Gal Center Radio Arc,0,17.77136113,-28.814444,266.570417,,
736,3FGL J1539.2-3324,,3FGL J1539.2-3324,0,15.6532222,-33.368333,234.798333,,
737,3FGL J1231.6-5113,,3FGL J1231.6-5113,0,12.52680553,-51.221111,187.902083,,
738,TeV J2032+4130,,TeV J2032+4130,0,20.535,41.566667,308.025,,
739,HESS J1745-303,,HESS J1745-303,0,17.75313887,-30.198889,266.297083,,
740,LWAT 171018,,LWAT 171018,0,3.066666667,2,46,,
741,ILT J225347+862146,,ILT J225347+862146,0,22.89641667,86.362778,343.44625,,
742,TGSSADR J183304.4-384046,,TGSSADR J183304.4-384046,0,18.55125,-38.679444,278.26875,,
743,J103916.2+585124,,[JHK2012] J103916.2+585124,0,10.6545,58.856667,159.8175,,
744,WJN J1443+3439,,WJN J1443+3439,0,14.7227778,34.65,220.841667,,
745,43.78+59.3,,[FMB2008] 43.78+59.3,0,9.93125,69.679167,148.96875,,
746,FIRST J141918.9+394036,,FIRST J141918.9+394036,0,14.32191667,39.676667,214.82875,,
747,RT 19920826,,[OFB2011] J213622.04+415920.3,0,21.60611113,41.988889,324.091667,,
748,GCRT J1745-3009,,GCRT J1745-3009,0,17.75138887,-30.165,266.270833,,
749,FRB 190523,,FRB 190523,0,13.80433333,72.469722,207.065,,
750,FRB 180916.J0158+65,,FRB 180916.J0158+65,0,1.966888867,65.716667,29.503333,,
751,VVV-WIT-02,,VVV-WIT-02,0,17.88391667,-24.866389,268.25875,,
752,OTS 1809+31,,OTS 1809+31,0,18.18333333,31.4,272.75,,
753,MASTER OT J051515.25+223945.7,,MASTER OT J051515.25+223945.7,0,5.2542222,22.662778,78.813333,,
754,USNO-B1.0 1084-0241525,,USNO-B1.0 1084-0241525,0,14.96016667,18.417222,224.4025,,
755,PTF 11agg,,PTF 11agg,0,8.371444467,21.627222,125.571667,,
756,SN 2008S,,SN 2008S,0,20.57925,60.099444,308.68875,,
757,PTF 09dav,,PTF 09dav,0,22.7819722,21.626111,341.729583,,
758,AT 2018cow,,AT 2018cow,0,16.26675,22.268056,244.00125,,
759,Dougie,,Dougie,0,12.14663887,43.0225,182.199583,,
760,XRT 000519,,XRT 000519,0,12.42544447,13.066389,186.381667,,
761,CDF-S XT1,,[BTS2017] CDF-S XT1,0,3.544111133,-27.859444,53.161667,,
762,CXOU J124839.0-054750,,CXOU J124839.0-054750,0,12.81083333,-5.797222,192.1625,,
763,M86 tULX-1,,CXOU J122602.3+125951,0,12.4339722,12.9975,186.509583,,
764,Swift J195509.6+261406,,GRB 070610,0,19.91933333,26.235278,298.79,,
765,IceCube neutrino multiplet,,,0,1.713333333,39.6,25.7,,
766,KIC 2856960,,KIC 2856960,0,19.49208333,38.076667,292.38125,,
767,AAE-061228,,,0,18.80944447,20.330556,282.141667,,
768,AAE-141220,,,0,3.385555533,38.655,50.783333,,
769,AAC-150108,,,0,11.43,16.3,171.45,,
770,IRAS 16406-1406,,IRAS 16406-1406,0,16.72425,-14.2,250.86375,,
771,IRAS 20331+4024,,IRAS 20331+4024,0,20.58213887,40.585,308.732083,,
772,IRAS 20369+5131,,IRAS 20369+5131,0,20.64055553,51.694722,309.608333,,
773,IRAS 04287+6444,,IRAS 04287+6444,0,4.5577778,64.848056,68.366667,,
774,UW CMi,,UW CMi,0,7.7544722,1.182222,116.317083,,
775,WISE J224436.12+372533.6,,WISE J224436.12+372533.6,0,22.74336113,37.426111,341.150417,,
776,UGC 3097,,UGC 3097,0,4.596805533,2.258333,68.952083,,
777,NGC 814,,NGC 814,0,2.177111133,-15.773611,32.656667,,
778,ESO 400-28,,ESO 400-28,0,20.47369447,-33.074722,307.105417,,
779,MCG+02-60-017,,MCG+02-60-017,0,23.78588887,15.596667,356.788333,,
780,TYC 6111-1162-1,,TYC 6111-1162-1,0,12.84844447,-16.868056,192.726667,,
781,UGC 5394,,UGC 5394,0,10.0299722,36.498611,150.449583,,
782,NGC 4502,,NGC 4502,0,12.5342778,16.687778,188.014167,,
783,NGC 4698,,NGC 4698,0,12.80636113,8.4875,192.095417,,
784,IC 3877,,IC 3877,0,12.9135278,19.178333,193.702917,,
785,AGC 470027,,AGC 470027,0,7.057444467,-48.995278,105.861667,,
786,HR 6171,,HR 6171,0,16.60594447,-2.324722,249.089167,,
787,GJ 1019,,GJ 1019,0,0.726555533,28.444722,10.898333,,
788,GJ 299,,GJ 299,0,8.199333333,8.773056,122.99,,
789,HD 220077,,HD 220077,0,23.3480278,16.710833,350.220417,,
790,HIP 107359,,HIP 107359,0,21.7449722,-16.526944,326.174583,,
791,TYC 3010-1024-1,,TYC 3010-1024-1,0,11.07216667,40.178333,166.0825,,
792,Wow!_a,,,0,19.42444447,-26.947222,291.366667,,
793,Wow!_b,,,0,19.47138887,-26.947222,292.070833,,
794,5.13 +2.1,,,0,5.13,2.1,76.95,,
795,08.00-08.50,,,0,8.016666667,-8.533333,120.25,,
796,03.10+58.0,,,0,3.116666667,58.033333,46.75,,
797,11.03.91,,,0,16.65444447,30.517778,249.816667,,
798,WISE 0735-5946,,WISE J073504.83-594612.4,0,7.584666667,-59.77,113.77,,
799,IRAS 16329+8252,,IRAS 16329+8252,0,16.45625,82.762778,246.84375,,
800,CSL-1,,CSL 1A,0,12.39180553,-12.649167,185.877083,,
801,GRB 090709A,,GRB 090709A,0,19.32963887,60.728056,289.944583,,
802,GW100916_a,,,0,7.398611133,-27.53,110.979167,,
803,GW100916_b,,,0,7.323888867,-27.57,109.858333,,
804,HD 117043,,HD 117043,0,13.43330553,63.261389,201.499583,,
805,Hertzsprung's object,,,0,4.1952778,59.899167,62.929167,,
806,HIP 114176,,HIP 114176,0,4.1952778,59.899167,62.929167,,
807,KIC 5520878,,KIC 5520878,0,19.1732222,40.768056,287.598333,,
808,KIC 9832227,,KIC 9832227,0,19.4877778,46.622222,292.316667,,
809,KOI 6705.01,,KOI-6705.01,0,18.94933333,41.819167,284.24,,
810,Perseus flasher,,Aries-Perseus Flasher,0,3.2275,32.243611,48.4125,,
811,PSR B1829-10,,PSR B1829-10,0,18.54469447,-10.359167,278.170417,,
812,OT 060420,,OT 20060420,0,13.66666667,-11.666667,205,,
813,SSSPM J1549-3544,,SSSPM J1549-3544,0,15.81116667,-35.740556,237.1675,,
814,Swift trigger 954840,,,0,10.90833333,-49.581111,163.625,,
815,TU Leo,,TU Leo,0,9.497388867,21.381111,142.460833,,
816,VLA J172059.9+385226.6,,FIRST J172059.9+385226,0,17.3499722,38.873889,260.249583,,
