ID,Plaintext Name,Horizons Name,RA (deg),DEC,RA (hours),RA (solsys),DEC (solsys),Solar System Flag
454,NGC 7793,,359.4575,-32.591111,23.963833333333334,,,0.0
519,[GPS],,,,,,,1.0
520,[ComSat],,,,,,,1.0
521,[AmRadSat],,,,,,,1.0
522,[EarthObsSat],,,,,,,1.0
523,[WeatherSat],,,,,,,1.0
526,LightSail 2,,,,,,,1.0
528,Vanguard I,Vanguard I,,,,,,1.0
529,[Booster],,,,,,,1.0
530,1963-014G,1963-014G,,,,,,1.0
531,1976-103G,1976-103G,,,,,,1.0
533,Solar antipoint,Solar antipoint,,,,,,1.0
547,Iapetus,Iapetus (SVIII),0.31153,-2.19538,0.020768666666666664,,,1.0
102,Titan,Titan (606),0.38253,-2.16073,0.025502,,,1.0
107,Enceladus,Enceladus (602),0.40677,-2.16409,0.027118,,,1.0
546,Mimas,Mimas (601),0.41012,-2.16441,0.027341333333333332,,,1.0
61,Prometheus,Prometheus (616),0.41045,-2.1641,0.027363333333333333,,,1.0
62,Hyperion,Hyperion (607),0.41153,-2.16196,0.027435333333333332,,,1.0
64,Saturn,Saturn (699),0.41509,-2.16455,0.02767266666666667,,,1.0
58,Helene,Helene (612),0.41619,-2.16398,0.027746,,,1.0
59,Epimetheus,Epimetheus (611),0.41859,-2.165,0.027906,,,1.0
548,Tethys,Tethys (SIII),0.41868,-2.16508,0.027912,,,1.0
65,Neptune,Neptune (899),0.64405,-1.14964,0.042936666666666665,,,1.0
542,Proteus,Proteus (NVIII),0.6441,-1.14895,0.04294,,,1.0
103,Triton,Triton (801),0.64665,-1.14652,0.043109999999999996,,,1.0
57,Phoebe,Phoebe (SIX),0.93528,-1.94336,0.062352,,,1.0
543,Neso,Neso (2002N4),1.44934,-1.4787,0.09662266666666668,,,1.0
486,Mrk 335,,1.58125,20.203056,0.10541666666666667,,,0.0
206,alpha And A,,2.097083,29.090556,0.13980553333333334,,,0.0
662,A2744z8OD,,3.60375,-30.382222,0.24025,,,0.0
416,NGC 55,,3.723333,-39.196667,0.24822219999999998,,,0.0
293,QR And,,4.957917,21.947778,0.3305278,,,0.0
338,47 Tuc,,6.0225,-72.081389,0.4015,,,0.0
590,IGR J00291+5934,,7.262917,59.571944,0.48419446666666666,,,0.0
52,541132 Leleakuhonua,541132 Leleakuhonua (2015 TG387),7.39502,15.22984,0.4930013333333333,,,1.0
609,Mayall II,,8.19375,39.577778,0.54625,,,0.0
50,(91554) 1999 RZ215,91554 (1999 RZ215),8.33869,20.13111,0.5559126666666666,,,1.0
426,A68-HLS115,,9.289583,9.151111,0.6193055333333334,,,0.0
444,Cartwheel,,9.42125,-33.716389,0.6280833333333333,,,0.0
398,NGC 205,,10.092083,41.685278,0.6728055333333334,,,0.0
610,(GC) 037-B327,,10.395833,41.248611,0.6930555333333334,,,0.0
644,Holm 15A,,10.460417,-9.303056,0.6973611333333333,,,0.0
396,M32,,10.674167,40.865278,0.7116111333333334,,,0.0
787,GJ 1019,,10.898333,28.444722,0.7265555333333332,,,0.0
88,LHS 1140,,11.247083,-15.271667,0.7498055333333333,,,0.0
723,NGC 247,,11.785833,-20.760278,0.7857222,,,0.0
245,van Maanen 2,,12.29125,5.388611,0.8194166666666667,,,0.0
191,MSX SMC 055,,12.53,-73.523611,0.8353333333333333,,,0.0
477,I Zwicky 1,,13.395417,12.693333,0.8930278,,,0.0
415,NGC 300,,13.7225,-37.684167,0.9148333333333334,,,0.0
314,gamma Cas,,14.177083,60.716667,0.9451388666666667,,,0.0
341,M31-EC4,,14.564167,38.050556,0.9709444666666667,,,0.0
399,Sculptor dSph,,15.039167,-33.708889,1.0026111333333334,,,0.0
422,IC 1613,,16.225833,2.133333,1.0817222000000002,,,0.0
177,IRC +10011,,16.608333,12.598056,1.1072221999999998,,,0.0
429,Arp 236,,16.946667,-17.506944,1.1297778,,,0.0
406,NGC 404,,17.362917,35.718056,1.1575278,,,0.0
215,HE 0107-5240,,17.371667,-52.409444,1.1581111333333332,,,0.0
470,ESO 243-49 HLX1,,17.617917,-46.072778,1.1745278,,,0.0
95,1 Ceres,1 Ceres (A801 AA),19.77657,1.33596,1.318438,,,1.0
727,GSN 069,,19.78625,-34.191944,1.3190833333333332,,,0.0
39,2060 Chiron,2060 Chiron (1977 UB),21.12679,9.34575,1.4084526666666666,,,1.0
439,Minkowski's object,,21.445833,-1.371667,1.4297222,,,0.0
537,1173 Anchises,1173 Anchises (1930 UB),23.31721,16.08887,1.5544806666666666,,,1.0
347,NGC 604,,23.63375,30.783611,1.5755833333333333,,,0.0
262,ZZ Cet,,24.056667,-11.3425,1.6037778,,,0.0
324,WD 0135-052,,24.4975,-4.995833,1.6331666666666667,,,0.0
404,MRG-M0138,,24.51625,-21.930278,1.6344166666666666,,,0.0
225,UV Cet,,24.756667,-17.950278,1.6504444666666667,,,0.0
15,3200 Phaethon,3200 Phaethon (1983 TB),25.00116,21.9779,1.666744,,,1.0
765,IceCube neutrino multiplet,,25.7,39.6,1.7133333333333334,,,0.0
72,tau Cet,,26.017083,-15.9375,1.7344722,,,0.0
96,136199 Eris,136199 Eris (2003 UB313),26.38123,-0.32159,1.7587486666666665,,,1.0
403,MRG-M0150,,27.588333,-10.091667,1.8392221999999998,,,0.0
411,Phoenix dwarf,,27.77625,-44.444722,1.85175,,,0.0
76,BD+20 307,,28.709583,21.306111,1.9139722,,,0.0
92,TOI 849 b,,28.715417,-29.421667,1.9143611333333332,,,0.0
29,153 Hilda,153 Hilda (A875 VC),28.80344,12.45292,1.9202293333333331,,,1.0
538,(55636) 2002 TX300,55636 (2002 TX300),29.42713,39.10791,1.9618086666666665,,,1.0
750,FRB 180916.J0158+65,,29.503333,65.716667,1.9668888666666668,,,0.0
695,(10537) 1991 RY16,10537 (1991 RY16),30.10485,10.61013,2.00699,,,1.0
393,NGC 821,,32.087917,10.995,2.1391944666666665,,,0.0
777,NGC 814,,32.656667,-15.773611,2.1771111333333333,,,0.0
436,SL2S J02176-0513,,34.404583,-5.225,2.293638866666667,,,0.0
621,Segue 2,,34.816667,20.175278,2.3211111333333334,,,0.0
216,Mira,,34.836667,-2.9775,2.3224444666666666,,,0.0
49,(20161) 1996 TR66,20161 (1996 TR66),35.32166,25.3981,2.3547773333333333,,,1.0
410,NGC 891,,35.637083,42.348333,2.375805533333333,,,0.0
413,IC 225,,36.617917,1.160278,2.4411944666666665,,,0.0
358,W3(OH),,36.767083,61.872778,2.4511388666666667,,,0.0
657,Abell 370,,39.960417,-1.585556,2.6640278,,,0.0
337,N1023-FF-14,,40.081667,39.076944,2.6721111333333334,,,0.0
442,UGC 2162,,40.1025,1.226667,2.6734999999999998,,,0.0
713,PTF 14jg,,40.125417,60.879444,2.6750278,,,0.0
472,NGC 1052,,40.27,-8.255833,2.6846666666666668,,,0.0
476,NGC 1068,,40.67,0.013333,2.7113333333333336,,,0.0
37,7968 Elst-Pizarro,7968 Elst-Pizarro (1996 NU5),41.31621,14.55573,2.7544139999999997,,,1.0
457,NGC 1097,,41.579583,-30.275,2.7719722,,,0.0
44,15760 Albion,15760 Albion (1992 QB1),42.56772,18.02409,2.837848,,,1.0
595,PSR J0250+5854,,42.574167,58.900278,2.8382778,,,0.0
450,3C 75,,44.423333,6.024444,2.961555533333333,,,0.0
183,alpha Cet,,45.57,4.089722,3.038,,,0.0
740,LWAT 171018,,46.0,2.0,3.066666666666667,,,0.0
796,03.10+58.0,,46.75,58.033333,3.1166666666666667,,,0.0
47,2001 QR322,612243 (2001 QR322),47.01263,16.24798,3.1341753333333333,,,1.0
276,Algol,,47.042083,40.955556,3.1361388666666667,,,0.0
694,CMB cold spot,,48.25,-20.5,3.216666666666667,,,0.0
571,SMSS J0313-6708,,48.251667,-67.144167,3.2167778,,,0.0
810,Perseus flasher,,48.4125,32.243611,3.2275,,,0.0
51,(181902) 1999 RD215,181902 (1999 RD215),48.45155,8.54954,3.230103333333333,,,1.0
459,NGC 1291,,49.3275,-41.108056,3.2885,,,0.0
481,NGC 1265,,49.565417,41.857778,3.304361133333333,,,0.0
149,kappa 1 Cet,,49.840417,3.370278,3.322694466666667,,,0.0
508,Perseus cluster,,49.946667,41.513056,3.3297778,,,0.0
513,NGC 1275 minihalo,,49.950833,41.511667,3.3300555333333337,,,0.0
689,NGC 1277*,,49.964583,41.573333,3.3309721999999997,,,0.0
402,NGC 1277,,49.964583,41.573333,3.3309721999999997,,,0.0
554,82 Eri,,49.982083,-43.069722,3.332138866666667,,,0.0
2,52 Europa,52 Europa (A858 CA),50.4325,11.67628,3.3621666666666665,,,1.0
728,MCG+00-09-070,,50.53625,0.836389,3.3690833333333337,,,0.0
768,AAE-141220,,50.783333,38.655,3.385555533333333,,,0.0
36,2P/Encke,9134 Encke (4822 P-L),51.18795,15.99456,3.41253,,,1.0
1,446 Aeternitas,446 Aeternitas (A899 UB),51.76542,25.41894,3.451028,,,1.0
381,GK Per shell,,52.799583,43.904167,3.5199721999999998,,,0.0
287,GK Per,,52.8,43.904167,3.52,,,0.0
239,G77-61,,53.15875,1.966667,3.5439166666666666,,,0.0
761,CDF-S XT1,,53.161667,-27.859444,3.5441111333333333,,,0.0
148,epsilon Eri,,53.2325,-9.458333,3.5488333333333335,,,0.0
342,Palomar 1,,53.333333,79.581111,3.5555555333333335,,,0.0
461,NGC 1365,,53.402083,-36.140556,3.5601388666666667,,,0.0
630,Ret II,,53.925417,-54.049167,3.5950278,,,0.0
226,HR 1099,,54.197083,0.587778,3.6131388666666666,,,0.0
505,Fornax cluster,,54.625,-35.455,3.6416666666666666,,,0.0
550,Miranda,Miranda (705),54.8854,19.33166,3.6590266666666666,,,1.0
676,Uranus,Uranus (799),54.88544,19.33422,3.6590293333333337,,,1.0
468,LEDA 074886,,55.18,-18.645278,3.6786666666666665,,,0.0
43,(385185) 1993 RO,385185 (1993 RO),55.39213,16.091,3.6928086666666666,,,1.0
463,NGC 1433,,55.506667,-47.221944,3.7004444666666667,,,0.0
243,NLTT 11748,,56.32,17.8025,3.7546666666666666,,,0.0
24,433 Eros,433 Eros (A898 PA),56.43564,22.18846,3.762376,,,1.0
627,SPT 0346-52,,56.671667,-52.085,3.7781111333333333,,,0.0
582,WD 0346+246,,56.69375,24.934167,3.7795833333333335,,,0.0
541,2012 VP113,(2012 VP113),56.87143,5.5006,3.7914286666666666,,,1.0
27,25 Phocaea,25 Phocaea (A853 GB),56.88996,3.09346,3.7926640000000003,,,1.0
141,PPL 15,,57.019583,23.658333,3.801305533333333,,,0.0
247,GD 50,,57.209167,0.975556,3.813944466666667,,,0.0
193,zeta Per,,58.532917,31.883611,3.9021944666666664,,,0.0
41,(24835) 1995 SM55,24835 (1995 SM55),58.64623,40.98863,3.9097486666666668,,,1.0
98,90377 Sedna,90377 Sedna (2003 VB12),60.7118,8.61241,4.047453333333333,,,1.0
497,0402+379,,61.455417,38.058889,4.0970278,,,0.0
805,Hertzsprung's object,,62.929167,59.899167,4.1952778,,,0.0
806,HIP 114176,,62.929167,59.899167,4.1952778,,,0.0
135,2MASSI J0415195-093506,,63.83125,-9.585278,4.255416666666666,,,0.0
218,gamma Dor,,64.006667,-51.486667,4.267111133333333,,,0.0
219,53 Per,,65.388333,46.498889,4.3592222000000005,,,0.0
322,T Tau,,65.4975,19.535,4.3665,,,0.0
120,HD 28185,,66.609583,-10.550833,4.440638866666666,,,0.0
256,Stein 2051B,,67.8025,58.978056,4.520166666666666,,,0.0
664,HE 0430-2457,,68.265833,-24.855556,4.551055533333334,,,0.0
560,V830 Tau,,68.291667,24.561944,4.5527778,,,0.0
773,IRAS 04287+6444,,68.366667,64.848056,4.5577778,,,0.0
776,UGC 3097,,68.952083,2.258333,4.596805533333334,,,0.0
168,Aldebaran,,68.98,16.509167,4.598666666666667,,,0.0
174,R Dor,,69.19,-62.077222,4.612666666666667,,,0.0
272,PSR J0437-4715,,69.315833,-47.2525,4.621055533333333,,,0.0
5,16 Psyche,16 Psyche (A852 FA),69.90072,18.93991,4.660048000000001,,,1.0
580,RX J0439.8-6809,,69.956667,-68.150278,4.6637778,,,0.0
353,TMC-1,,70.44125,25.690833,4.696083333333333,,,0.0
730,3C 125,,71.574167,39.750833,4.771611133333334,,,0.0
152,pi 3 Ori,,72.46,6.961389,4.830666666666667,,,0.0
71,GM Aur,,73.795833,30.366389,4.9197222,,,0.0
131,AB Aur,,73.940833,30.551111,4.929388866666667,,,0.0
330,epsilon Aur,,75.492083,43.823333,5.032805533333333,,,0.0
184,zeta Aur,,75.619583,41.075833,5.041305533333333,,,0.0
711,bet Cam,,75.854583,60.442222,5.056972200000001,,,0.0
252,G191-B2B,,76.3775,52.831111,5.091833333333333,,,0.0
794,5.13 +2.1,,76.95,2.1,5.13,,,0.0
491,TXS 0506+056,,77.358333,5.693056,5.1572222000000005,,,0.0
209,Kapteyn's star,,77.919167,-45.018333,5.194611133333334,,,0.0
753,MASTER OT J051515.25+223945.7,,78.813333,22.662778,5.2542222,,,0.0
181,Capella Ab,,79.1725,45.998056,5.2781666666666665,,,0.0
186,Capella Aa,,79.1725,45.998056,5.2781666666666665,,,0.0
607,Be 17,,80.155833,30.59,5.3437222,,,0.0
596,2MASS J05215658+4359220,,80.485833,43.989444,5.3657221999999996,,,0.0
42,(15788) 1993 SB,15788 (1993 SB),80.80658,25.14527,5.387105333333333,,,1.0
142,2MASS J0523-1403,,80.909167,-14.050556,5.3939444666666665,,,0.0
729,3C 141,,81.6775,32.832778,5.445166666666666,,,0.0
733,FRB 121102,,83.04,33.086944,5.5360000000000005,,,0.0
208,2MASS J0532+8246,,83.226667,82.779167,5.548444466666667,,,0.0
376,Crab nebula,,83.632917,22.014444,5.575527800000001,,,0.0
266,Crab pulsar,,83.632917,22.014444,5.575527800000001,,,0.0
355,Orion hot core,,83.810417,-5.375,5.587361133333333,,,0.0
357,M42,,83.822083,-5.391111,5.588138866666667,,,0.0
192,iota Ori,,83.858333,-5.91,5.590555533333333,,,0.0
375,SN 1987A,,83.866667,-69.269722,5.591111133333333,,,0.0
592,NS 1987A,,83.866667,-69.269722,5.591111133333333,,,0.0
361,HH 1,,84.086667,-6.753611,5.6057778,,,0.0
229,zeta Tau,,84.41125,21.1425,5.627416666666666,,,0.0
586,PSR J0537-6910,,84.444583,-69.171389,5.629638866666666,,,0.0
351,Ori A,,84.559167,-7.118889,5.637277800000001,,,0.0
619,30 Dor,,84.65,-69.086389,5.6433333333333335,,,0.0
566,R136 a1,,84.680417,-69.102222,5.645361133333334,,,0.0
600,Melnick 34,,84.684583,-69.101667,5.645638866666667,,,0.0
302,A 0535+26,,84.7275,26.315833,5.6485,,,0.0
385,N159F,,84.911667,-69.743333,5.6607778,,,0.0
709,BD +31 1048,,85.149583,31.358333,5.676638866666667,,,0.0
717,Landstreet's star,,85.235,-1.507222,5.682333333333333,,,0.0
382,CAL 83 nebula,,85.8925,-68.372778,5.726166666666667,,,0.0
38,9P/Tempel 1,9P/Tempel 1 (90000192),86.09181,29.61806,5.739453999999999,,,1.0
132,FU Ori,,86.343333,9.07,5.7562222,,,0.0
536,Galactic anticenter,,86.405,28.936111,5.7603333333333335,,,0.0
35,beta Pic,,86.82125,-51.066389,5.788083333333334,,,0.0
14,Dactyl,243 Ida (A884 SB),87.76315,24.35288,5.850876666666666,,,1.0
702,OGLE LMC-CEP-4506,,88.3725,-67.899722,5.8915,,,0.0
89,HD 40307,,88.5175,-60.023333,5.901166666666667,,,0.0
195,Betelgeuse,,88.792917,7.406944,5.9195278,,,0.0
567,EBLM J0555-57 Ab,,88.88625,-57.290556,5.92575,,,0.0
699,ASASSN-V J060000.76-310027.83,,90.003333,-31.007778,6.0002222,,,0.0
241,HD 271791,,92.060417,-71.385278,6.137361133333333,,,0.0
46,2011 QF99,687170 (2011 QF99),92.68415,14.42843,6.178943333333334,,,1.0
700,WISEA 0615-1247,,93.931667,-12.789444,6.262111133333334,,,0.0
178,HD 44179,,94.9925,-10.6375,6.332833333333334,,,0.0
364,Red rectangle nebula,,94.9925,-10.6375,6.332833333333334,,,0.0
190,Canopus,,95.987917,-52.695556,6.399194466666667,,,0.0
161,HD 46150,,97.98125,4.942778,6.5320833333333335,,,0.0
265,Geminga,,98.475833,17.770278,6.565055533333333,,,0.0
379,Geminga halo,,98.479167,17.769722,6.5652778000000005,,,0.0
246,Sirius B,,101.28875,-16.716944,6.752583333333333,,,0.0
632,MACS0647-JD,,101.982083,70.243333,6.798805533333334,,,0.0
371,S 308,,103.554167,-23.928333,6.903611133333333,,,0.0
198,EZ CMa,,103.554167,-23.928333,6.903611133333333,,,0.0
509,Bullet cluster,,104.623333,-55.944167,6.974888866666666,,,0.0
692,J 06587-5558,,104.675417,-55.976944,6.978361133333333,,,0.0
270,PSR B0656+14,,104.950833,14.239444,6.9967222,,,0.0
785,AGC 470027,,105.861667,-48.995278,7.0574444666666665,,,0.0
345,CMa R1,,106.0,-11.5,7.066666666666666,,,0.0
230,V838 Mon,,106.02,-3.8475,7.068,,,0.0
106,Ganymede,Ganymede (JIII),107.12574,22.82888,7.141716,,,1.0
108,Io,Io (501),107.17943,22.82394,7.145295333333333,,,1.0
105,Callisto,Callisto (JIV),107.18273,22.81939,7.145515333333334,,,1.0
104,Europa,Europa (502),107.18489,22.82165,7.145659333333333,,,1.0
113,Jupiter,Jupiter (599),107.20689,22.81967,7.147126,,,1.0
544,Metis,Metis (516),107.21407,22.81851,7.147604666666667,,,1.0
54,Amalthea,Amalthea (505),107.21716,22.81811,7.147810666666667,,,1.0
367,NGC 2346,,107.34375,0.806667,7.15625,,,0.0
56,Himalia,Himalia (506),107.79814,23.15416,7.186542666666667,,,1.0
55,Methone,Methone (506),107.79814,23.15416,7.186542666666667,,,1.0
134,WISE J071322.55-291751.9,,108.344167,-29.297778,7.222944466666666,,,0.0
658,MACS J0717.5+34,,109.402083,37.756389,7.2934722,,,0.0
803,GW100916_b,,109.858333,-27.57,7.323888866666667,,,0.0
40,153P/Ikeya-Zhang,153P/Ikeya-Zhang [2002] (74) - default,110.73859,16.31976,7.3825726666666664,,,1.0
197,VY CMa,,110.742917,-25.7675,7.382861133333334,,,0.0
802,GW100916_a,,110.979167,-27.53,7.3986111333333335,,,0.0
434,NGC 2366,,112.21625,69.208611,7.481083333333333,,,0.0
329,YY Gem,,113.655833,31.869444,7.577055533333334,,,0.0
798,WISE 0735-5946,,113.77,-59.77,7.584666666666666,,,0.0
31,21P/Giacobini-Zinner,21P/Giacobini-Zinner (90000324),114.20256,21.37732,7.613504000000001,,,1.0
331,PSR J0737-3039,,114.463333,-30.661389,7.630888866666667,,,0.0
691,2MASX J07390433+1804252,,114.767917,18.073611,7.6511944666666665,,,0.0
165,Procyon,,114.825417,5.225,7.6550278,,,0.0
585,MSP J0740+6620,,115.190833,66.342778,7.679388866666667,,,0.0
673,3C 186,,116.072917,37.888056,7.738194466666667,,,0.0
716,YZ CMi,,116.1675,3.5525,7.7445,,,0.0
774,UW CMi,,116.317083,1.182222,7.7544721999999995,,,0.0
123,Pollux,,116.32875,28.026111,7.75525,,,0.0
162,HD 64568,,118.409167,-26.234167,7.8939444666666665,,,0.0
678,HD 65949,,119.44875,-60.609722,7.96325,,,0.0
795,08.00-08.50,,120.25,-8.533333,8.016666666666667,,,0.0
654,J0804+3607,,121.129167,36.121667,8.0752778,,,0.0
597,HM Cnc,,121.595833,15.458611,8.106388866666666,,,0.0
564,GJ 3483 B,,121.81125,-66.313611,8.12075,,,0.0
75,NGC 2547 ID8,,122.260417,-48.971389,8.150694466666668,,,0.0
199,gamma 2 Vel,,122.383333,-47.336667,8.158888866666667,,,0.0
635,J0811+4730,,122.967083,47.507222,8.197805533333334,,,0.0
788,GJ 299,,122.99,8.773056,8.199333333333334,,,0.0
755,PTF 11agg,,125.571667,21.627222,8.371444466666667,,,0.0
677,HIP 41378,,126.615833,10.080278,8.441055533333333,,,0.0
278,FG Hya,,126.76625,3.514444,8.451083333333333,,,0.0
562,omicron UMa,,127.56625,60.718056,8.504416666666666,,,0.0
659,Abell 665,,127.688333,65.881944,8.512555533333334,,,0.0
430,HIZOA J0836-43,,129.175417,-43.635278,8.611694466666668,,,0.0
235,40 Cnc,,130.047917,19.971111,8.669861133333335,,,0.0
334,IC 2391,,130.133333,-53.033333,8.675555533333332,,,0.0
253,LHS 253,,130.385,-32.9425,8.692333333333332,,,0.0
685,M67-S1063,,132.805833,11.861111,8.8537222,,,0.0
335,M67,,132.825,11.8,8.854999999999999,,,0.0
400,UMa II,,132.875,63.13,8.858333333333333,,,0.0
231,M67-S1237,,132.959167,11.768611,8.863944466666668,,,0.0
90,55 Cnc,,133.149167,28.330833,8.876611133333334,,,0.0
8,1862 Apollo,1862 Apollo (1932 HA),133.65642,28.71048,8.910428,,,1.0
498,OJ 287,,133.70375,20.108611,8.913583333333333,,,0.0
409,D563-4,,133.78,19.751111,8.918666666666667,,,0.0
133,WISE J085510.83-071442.5,,133.795,-7.245278,8.919666666666666,,,0.0
166,iota UMa,,134.802083,48.041944,8.986805533333333,,,0.0
303,Vel X-1,,135.52875,-40.554722,9.03525,,,0.0
286,T Pyx,,136.172917,-32.38,9.078194466666668,,,0.0
242,HVS 1,,136.9375,2.751944,9.129166666666666,,,0.0
175,RS Cnc,,137.661667,30.963056,9.177444466666666,,,0.0
524,HST,Hubble Space Telescope (1990-037B),138.03918,-40.15211,9.202611999999998,,,1.0
79,WD J0914+1914,,138.522083,19.236667,9.234805533333335,,,0.0
460,NGC 2787,,139.8275,69.203333,9.321833333333332,,,0.0
636,NGC 2841,,140.51125,50.976389,9.367416666666665,,,0.0
720,PSR B0919+06,,140.558333,6.639722,9.370555533333334,,,0.0
121,HD 80606,,140.656667,50.603611,9.377111133333333,,,0.0
182,alpha Hya,,141.896667,-8.658611,9.459777800000001,,,0.0
500,B2 0924+30,,141.97,29.985833,9.464666666666666,,,0.0
815,TU Leo,,142.460833,21.381111,9.497388866666666,,,0.0
478,NGC 2911,,143.442083,10.1525,9.562805533333334,,,0.0
431,I Zwicky 18,,143.50875,55.240278,9.56725,,,0.0
629,Ant 2,,143.886667,-36.767222,9.592444466666667,,,0.0
499,Hanny's voorwerp,,145.265833,34.726111,9.684388866666666,,,0.0
724,Leoncino dwarf,,145.885,33.449444,9.725666666666665,,,0.0
277,W UMa,,145.939583,55.9525,9.729305533333333,,,0.0
67,C/2019 Q4 (Borisov),C/2019 Q4 (90004555),146.04976,69.94369,9.736650666666666,,,1.0
189,l Car,,146.311667,-62.507778,9.754111133333334,,,0.0
244,LAWD 32,,146.662917,43.914444,9.7775278,,,0.0
418,SS 16,,146.750417,25.679444,9.783361133333333,,,0.0
176,IRC +10216,,146.989167,13.278889,9.7992778,,,0.0
212,HD 84937,,147.23375,13.744167,9.815583333333333,,,0.0
707,NGC 3021-CANDIDATE 1,,147.730833,33.553889,9.8487222,,,0.0
407,M81,,148.888333,69.065278,9.925888866666666,,,0.0
310,M82 X-1,,148.958333,69.679444,9.930555533333335,,,0.0
312,M82 X-2,,148.9625,69.679167,9.930833333333334,,,0.0
428,M82,,148.968333,69.679722,9.9312222,,,0.0
745,43.78+59.3,,148.96875,69.679167,9.93125,,,0.0
638,SS 14,,149.3625,8.583889,9.957500000000001,,,0.0
652,COSMOS 5921+0638,,149.840417,2.110556,9.989361133333334,,,0.0
633,ZF-COSMOS-20115,,150.061667,2.378611,10.004111133333334,,,0.0
661,CL J1001+0220,,150.238333,2.336944,10.015888866666668,,,0.0
781,UGC 5394,,150.449583,36.498611,10.0299722,,,0.0
423,NGC 3077,,150.829583,68.733889,10.055305533333334,,,0.0
394,NGC 3115,,151.308333,-7.718611,10.087222200000001,,,0.0
622,Segue 1,,151.763333,16.073611,10.117555533333332,,,0.0
32,1P/Halley,2688 Halley (1982 HG1),151.98054,15.58343,10.132036,,,1.0
180,Regulus,,152.092917,11.967222,10.1395278,,,0.0
45,79360 Sila-Nunam,79360 Sila-Nunam (1997 CS29),152.47417,10.24249,10.164944666666665,,,1.0
356,Sex A hole,,152.752083,-4.691667,10.1834722,,,0.0
628,WISE J101326.25+611220.1,,153.359167,61.205556,10.223944466666667,,,0.0
274,NGC 3201 BH1,,154.404583,-46.415278,10.293638866666667,,,0.0
300,PSR J1023+0038,,155.94875,0.644722,10.396583333333332,,,0.0
573,SDSS J102915+172927,,157.312917,17.491111,10.4875278,,,0.0
433,Haro 2,,158.133333,54.401111,10.5422222,,,0.0
581,PG 1031+234,,158.455,23.154444,10.563666666666668,,,0.0
743,J103916.2+585124,,159.8175,58.856667,10.6545,,,0.0
568,Feige 34,,159.902917,43.1025,10.660194466666667,,,0.0
369,SBW 1,,160.080833,-59.819444,10.672055533333333,,,0.0
114,HD 93083,,161.087083,-33.576944,10.739138866666668,,,0.0
370,Homunculus nebula,,161.264583,-59.684444,10.7509722,,,0.0
203,eta Car,,161.264583,-59.684444,10.7509722,,,0.0
515,Leo ring,,161.945083,12.1864,10.796338866666668,,,0.0
323,Luhman 16,,162.32875,-53.319444,10.821916666666668,,,0.0
137,Luhman 16B,,162.32875,-53.319167,10.821916666666668,,,0.0
138,Luhman 16A,,162.329167,-53.319444,10.821944466666668,,,0.0
814,Swift trigger 954840,,163.625,-49.581111,10.908333333333333,,,0.0
30,6P/d'Arrest,6P/d'Arrest (90000145),163.73348,14.95345,10.915565333333332,,,1.0
202,AG Car,,164.048333,-60.453611,10.936555533333335,,,0.0
144,Wolf 359,,164.12,7.014444,10.941333333333334,,,0.0
427,HLock-01 (R),,164.462917,57.5075,10.964194466666667,,,0.0
69,TW Hya,,165.46625,-34.704722,11.031083333333333,,,0.0
260,SDSS 1102+2054,,165.665833,20.911111,11.044388866666667,,,0.0
145,HD 95735,,165.834167,35.97,11.055611133333334,,,0.0
791,TYC 3010-1024-1,,166.0825,40.178333,11.072166666666668,,,0.0
539,Cha 110913-773444,,167.306667,-77.579167,11.1537778,,,0.0
7,420 Bertholda,420 Bertholda (A896 RC),168.71234,-4.90557,11.247489333333334,,,1.0
686,[SBD2011] 5,,168.779167,-61.257222,11.251944466666666,,,0.0
606,HD 97950,,168.780417,-61.260833,11.2520278,,,0.0
359,NGC 3603,,168.8275,-61.257222,11.255166666666666,,,0.0
599,TWA 42,,169.885417,-11.629722,11.325694466666667,,,0.0
304,Cen X-3,,170.312917,-60.623889,11.354194466666666,,,0.0
769,AAC-150108,,171.45,16.3,11.43,,,0.0
655,HCG 54,,172.3125,20.578333,11.4875,,,0.0
674,SDSS J113323.97+550415.9,,173.35,55.071111,11.556666666666667,,,0.0
679,Przybylski's star,,174.404167,-46.709722,11.626944466666666,,,0.0
501,Arp 294,,174.925,31.916667,11.661666666666667,,,0.0
714,ASASSN-19lb,,174.955833,-70.675278,11.6637222,,,0.0
110,GJ 436,,175.54625,26.706667,11.703083333333332,,,0.0
13,90 Antiope,90 Antiope (A866 TA),176.17067,4.83205,11.744711333333333,,,1.0
257,LAWD 37,,176.42875,-64.841389,11.761916666666668,,,0.0
63,WD 1145+017,,177.14,1.483056,11.809333333333333,,,0.0
465,NGC 3898,,177.314167,56.084444,11.820944466666667,,,0.0
425,Sp1149 (A1),,177.397083,22.396111,11.826472200000001,,,0.0
151,beta Vir,,177.67375,1.764722,11.844916666666668,,,0.0
467,NGC 3923,,177.7575,-28.806111,11.8505,,,0.0
210,Groombridge 1830,,178.245,37.718611,11.883000000000001,,,0.0
259,WD 1150+012,,178.272917,0.946111,11.884861133333334,,,0.0
603,65 UMa,,178.77375,46.476944,11.91825,,,0.0
449,Antennae TDG,,180.357083,-19.011667,12.023805533333332,,,0.0
248,PG 1159-035,,180.441667,-3.761389,12.029444466666666,,,0.0
448,Antennae,,180.471667,-18.877222,12.031444466666667,,,0.0
28,65 Cybele,65 Cybele (A861 EB),181.05983,0.91587,12.070655333333333,,,1.0
642,Snake,,181.545,-8.800278,12.103,,,0.0
759,Dougie,,182.199583,43.0225,12.146638866666667,,,0.0
48,(523899) 1997 CV29,523899 (1997 CV29),182.40856,6.50702,12.160570666666667,,,1.0
264,1E 1207.4-5209,,182.50375,-52.441111,12.166916666666667,,,0.0
495,NGC 4151,,182.635833,39.405833,12.1757222,,,0.0
680,HD 106038,,183.005833,13.261389,12.200388866666666,,,0.0
258,HZ 21,,183.484583,32.941944,12.232305533333333,,,0.0
690,Was 49b,,183.574167,29.528611,12.238277799999999,,,0.0
3,624 Hektor,624 Hektor (A907 CF),183.98416,-8.61106,12.265610666666667,,,1.0
466,UGC 7321,,184.391667,22.539722,12.292777800000001,,,0.0
419,M99,,184.706667,14.416389,12.3137778,,,0.0
494,NGC 4258,,184.74,47.303611,12.316,,,0.0
395,NGC 4260,,184.8425,6.098889,12.322833333333334,,,0.0
10,15 Eunomia,15 Eunomia (A851 OA),184.90235,-17.55366,12.326823333333333,,,1.0
624,OGC 21,,185.522083,45.303056,12.368138866666667,,,0.0
408,M100,,185.72875,15.822222,12.381916666666665,,,0.0
800,CSL-1,,185.877083,-12.649167,12.391805533333333,,,0.0
388,HVC 125+41-208,,186.0,75.6,12.4,,,0.0
611,M85-HCC 1,,186.345,18.181667,12.423,,,0.0
760,XRT 000519,,186.381667,13.066389,12.425444466666667,,,0.0
473,NGC 4395,,186.45375,33.546944,12.430250000000001,,,0.0
763,M86 tULX-1,,186.509583,12.9975,12.4339722,,,0.0
506,Virgo cluster,,186.63375,12.723333,12.44225,,,0.0
401,NGC 4431,,186.864167,12.290278,12.457611133333334,,,0.0
81,K2-229,,186.873333,-6.721944,12.4582222,,,0.0
485,3C 273,,187.277917,2.0525,12.485194466666666,,,0.0
313,RZ 2109 ULX,,187.415417,7.891944,12.494361133333333,,,0.0
452,IC 3418,,187.432917,11.404722,12.4955278,,,0.0
441,VCC 1287,,187.599167,13.982222,12.506611133333333,,,0.0
672,HVGC-1,,187.727917,12.683056,12.515194466666665,,,0.0
167,gamma Cru,,187.791667,-57.113333,12.519444466666666,,,0.0
737,3FGL J1231.6-5113,,187.902083,-51.221111,12.526805533333334,,,0.0
443,HI 1232+20,,188.0,20.416667,12.533333333333333,,,0.0
782,NGC 4502,,188.014167,16.687778,12.5342778,,,0.0
634,AGC 229385,,188.042917,20.423333,12.536194466666666,,,0.0
292,AM CVn,,188.7275,37.628889,12.581833333333332,,,0.0
456,M91,,188.86,14.496389,12.590666666666667,,,0.0
397,NGC 4546 UCD-1,,188.869583,-3.789167,12.591305533333333,,,0.0
631,GN-z11,,189.10625,62.241944,12.607083333333332,,,0.0
440,Malin 1,,189.247083,14.330278,12.6164722,,,0.0
392,M59,,190.509583,11.646944,12.700638866666667,,,0.0
420,NGC 4631,,190.533333,32.541389,12.7022222,,,0.0
626,M59-UCD3,,190.545833,11.644722,12.703055533333332,,,0.0
455,NGC 4622,,190.656667,-40.744167,12.710444466666667,,,0.0
391,NGC 4636,,190.707917,2.687778,12.713861133333333,,,0.0
648,M60-UCD1,,190.9,11.534722,12.726666666666667,,,0.0
710,AQ CVn,,190.92375,32.357778,12.728250000000001,,,0.0
327,HW Vir,,191.084167,-8.671389,12.738944466666668,,,0.0
616,Boomerang nebula,,191.192083,-54.520278,12.746138866666666,,,0.0
445,NGC 4650A,,191.204167,-40.714444,12.746944466666667,,,0.0
263,Ton 124,,191.398333,42.640278,12.759888866666667,,,0.0
474,NGC 4686,,191.665833,54.534167,12.7777222,,,0.0
783,NGC 4698,,192.095417,8.4875,12.806361133333333,,,0.0
762,CXOU J124839.0-054750,,192.1625,-5.797222,12.810833333333333,,,0.0
115,HATS-17,,192.189583,-47.613611,12.812638866666667,,,0.0
417,NGC 4701,,192.298333,3.388611,12.819888866666668,,,0.0
726,ZTF19abanrhr,,192.42625,34.824722,12.828416666666667,,,0.0
6,3628 Boznemcova,3628 Boznemcova (1979 WD),192.45509,-1.6345,12.830339333333335,,,1.0
780,TYC 6111-1162-1,,192.726667,-16.868056,12.848444466666667,,,0.0
784,IC 3877,,193.702917,19.178333,12.9135278,,,0.0
514,1253+275,,193.75,27.2,12.916666666666666,,,0.0
205,alpha 2 CVn,,194.007083,38.318333,12.933805533333333,,,0.0
490,3C 279,,194.046667,-5.789444,12.936444466666668,,,0.0
458,M64,,194.182083,21.682778,12.945472200000001,,,0.0
512,Coma C,,194.825,27.783333,12.988333333333333,,,0.0
625,LEDA 088678,,194.84375,-4.196111,12.989583333333334,,,0.0
507,Coma cluster,,194.952917,27.980556,12.996861133333335,,,0.0
94,PSR B1257+12,,195.012917,12.681944,13.000861133333332,,,0.0
153,78 UMa,,195.182083,56.366389,13.012138866666668,,,0.0
185,epsilon Vir,,195.544167,10.959167,13.036277799999999,,,0.0
502,UGCA 319/320,,195.679167,-17.319444,13.045277800000001,,,0.0
318,PSR B1259-63,,195.69875,-63.835833,13.046583333333333,,,0.0
721,DDE 168,,196.310833,-49.316389,13.087388866666666,,,0.0
663,Shapley supercluster,,196.5,-33.066667,13.1,,,0.0
518,ISS,International Space Station  (-125544),197.43958,-9.32604,13.162638666666668,,,1.0
333,RS CVn,,197.65375,35.935,13.176916666666667,,,0.0
640,A1689B11,,197.88875,-1.351944,13.192583333333333,,,0.0
464,NGC 5101,,200.4425,-27.430556,13.362833333333333,,,0.0
612,Kim 3,,200.688333,-30.601111,13.3792222,,,0.0
155,Alcor,,201.30625,54.988056,13.420416666666666,,,0.0
479,Cen A,,201.365,-43.019167,13.424333333333333,,,0.0
432,POX 186,,201.4525,-11.610556,13.430166666666667,,,0.0
804,HD 117043,,201.499583,63.261389,13.433305533333334,,,0.0
348,Cen A outer filament,,201.617083,-42.834944,13.441138866666668,,,0.0
344,omega Cen,,201.697083,-47.479444,13.446472199999999,,,0.0
412,NGC 5173,,202.105417,46.591667,13.473694466666666,,,0.0
99,136472 Makemake,136472 Makemake (2005 FY9),202.28917,20.51338,13.485944666666667,,,1.0
649,J1329+3234,,202.385,32.571389,13.492333333333333,,,0.0
453,M51a,,202.469583,47.195278,13.4979722,,,0.0
447,M51a/b,,202.469583,47.195278,13.4979722,,,0.0
232,FK Com,,202.695,24.232778,13.513,,,0.0
483,3C 286,,202.784583,30.509167,13.5189722,,,0.0
285,UX UMa,,204.170833,51.913611,13.611388866666665,,,0.0
812,OT 060420,,205.0,-11.666667,13.666666666666666,,,0.0
650,J1342+0928,,205.53375,9.477222,13.70225,,,0.0
11,233 Asterope,233 Asterope (A883 JA),206.5556,-16.00954,13.770373333333334,,,1.0
66,L5 Kordylewsky cloud,EM-L5,206.67744,-16.07352,13.778495999999999,,,1.0
534,Earth-Moon L5,EM-L5,206.68833,-16.07641,13.779222,,,1.0
159,eta UMa,,206.885,49.313333,13.792333333333334,,,0.0
749,FRB 190523,,207.065,72.469722,13.804333333333334,,,0.0
683,2MASS J13535604+4437076,,208.48375,44.618889,13.898916666666667,,,0.0
214,HD 122563,,210.6325,9.686111,14.042166666666667,,,0.0
414,M101,,210.8025,54.348889,14.053500000000001,,,0.0
311,M101 ULX-1,,210.885,54.350833,14.059,,,0.0
223,V361 Hya,,211.3875,-27.026111,14.0925,,,0.0
249,GD 492,,211.6475,74.316111,14.109833333333334,,,0.0
545,1SWASP J140752.03-394415.1,,211.966667,-39.7375,14.131111133333333,,,0.0
405,IC 976,,212.180417,-1.161667,14.145361133333333,,,0.0
637,IRAS 14070+0525,,212.377917,5.191944,14.1585278,,,0.0
228,CU Vir,,213.065833,2.409444,14.204388866666667,,,0.0
111,HATS-P-26,,213.15625,4.06,14.210416666666667,,,0.0
234,HD 124448,,213.744167,-46.288611,14.249611133333334,,,0.0
169,Arcturus,,213.915417,19.1825,14.261027799999999,,,0.0
487,Cloverleaf quasar,,213.9425,11.495278,14.262833333333333,,,0.0
207,lambda Boo,,214.095833,46.088333,14.273055533333332,,,0.0
320,PSR J1417-4402,,214.3775,-44.049167,14.291833333333333,,,0.0
22,(469219) Kamo'oalewa,469219 Kamo`oalewa (2016 HO3),214.64029,47.41677,14.309352666666665,,,1.0
746,FIRST J141918.9+394036,,214.82875,39.676667,14.321916666666668,,,0.0
653,J1420-0545,,215.099167,-5.757778,14.339944466666667,,,0.0
84,Proxima Cen,,217.42875,-62.679444,14.49525,,,0.0
516,Laniakea attractor,,218.0,-43.233333,14.533333333333333,,,0.0
492,SST24 J143644.2+350627,,219.184167,35.1075,14.6122778,,,0.0
424,SGAS J143845.1+145407,,219.687917,14.901944,14.645861133333334,,,0.0
703,EK Dra,,219.750833,64.291667,14.650055533333333,,,0.0
321,alpha Cen,,219.87375,-60.832222,14.65825,,,0.0
744,WJN J1443+3439,,220.841667,34.65,14.7227778,,,0.0
100,136108 Haumea,136108 Haumea (2003 EL61),221.17,13.96695,14.744666666666665,,,1.0
139,HD 130948BC,,222.566667,23.911667,14.8377778,,,0.0
754,USNO-B1.0 1084-0241525,,224.4025,18.417222,14.960166666666668,,,0.0
227,TVLM 513-46546,,225.284167,22.833889,15.018944466666666,,,0.0
140,2MASSI J1506544+132106,,226.72625,13.351667,15.115083333333333,,,0.0
722,UMi dSph,,227.297083,67.214444,15.153138866666666,,,0.0
593,PSR B1508+55,,227.357083,55.525833,15.157138866666665,,,0.0
623,IC 1101,,227.73375,5.744722,15.18225,,,0.0
437,cB 58,,228.592917,36.607222,15.2395278,,,0.0
681,HD 135485,,228.93875,-14.693056,15.262583333333334,,,0.0
598,NGC 5907 ULX,,228.994167,56.302778,15.266277800000001,,,0.0
446,Hoag's object,,229.31,21.585556,15.287333333333333,,,0.0
643,RGG 118,,230.765833,11.7625,15.384388866666665,,,0.0
360,Arp 220,,233.738333,23.503333,15.582555533333334,,,0.0
697,HD 139139,,234.275833,-19.1425,15.618388866666667,,,0.0
736,3FGL J1539.2-3324,,234.798333,-33.368333,15.6532222,,,0.0
602,ZTF J153932.16+502738.8,,234.884167,50.460833,15.658944466666666,,,0.0
584,4U 1538-522,,235.5975,-52.386111,15.7065,,,0.0
213,HD 140283,,235.762917,-10.933611,15.7175278,,,0.0
170,alpha Ser,,236.067083,6.425556,15.737805533333333,,,0.0
238,PG 1544+488,,236.54875,48.643611,15.769916666666667,,,0.0
233,R CrB,,237.143333,28.156667,15.809555533333334,,,0.0
813,SSSPM J1549-3544,,237.1675,-35.740556,15.811166666666667,,,0.0
204,epsilon Ser,,237.704167,4.477778,15.846944466666667,,,0.0
163,kappa CrB,,237.807917,35.6575,15.853861133333334,,,0.0
126,NN Ser,,238.23375,12.912222,15.882249999999999,,,0.0
462,NGC 6012,,238.557917,14.601111,15.903861133333333,,,0.0
656,Seyfert's sextet,,239.798333,20.756944,15.986555533333334,,,0.0
224,SDSS J160043.6+074802.9,,240.181667,7.800833,16.012111133333335,,,0.0
572,14 Her,,242.60125,43.8175,16.173416666666665,,,0.0
295,4U 1608-52,,243.179167,-52.423056,16.21194446666667,,,0.0
451,ESO 137-001,,243.36375,-60.764167,16.22425,,,0.0
758,AT 2018cow,,244.00125,22.268056,16.26675,,,0.0
687,1E 1613-5055,,244.3875,-51.033333,16.2925,,,0.0
294,Sco X-1,,244.979583,-15.640278,16.3319722,,,0.0
122,HD 147506,,245.151667,41.048056,16.343444466666668,,,0.0
291,AR Sco,,245.447083,-22.886111,16.363138866666667,,,0.0
577,U Sco,,245.628333,-17.878611,16.3752222,,,0.0
124,PSR B1620-26,,245.909167,-26.531667,16.393944466666667,,,0.0
70,EPIC 203937317,,246.57125,-24.339444,16.43808333333333,,,0.0
129,Elias 29,,246.789167,-24.621944,16.45261113333333,,,0.0
799,IRAS 16329+8252,,246.84375,82.762778,16.45625,,,0.0
390,NGC 6166,,247.159167,39.551111,16.4772778,,,0.0
128,IRAS 16293-2422,,248.094167,-24.475556,16.539611133333334,,,0.0
236,HD 149382,,248.597083,-4.014444,16.573138866666667,,,0.0
786,HR 6171,,249.089167,-2.324722,16.605944466666667,,,0.0
349,zeta Oph cloud,,249.2875,-10.566667,16.619166666666665,,,0.0
240,zeta Oph,,249.289583,-10.567222,16.619305533333332,,,0.0
363,zeta Oph bow shock,,249.3125,-10.5,16.620833333333334,,,0.0
797,11.03.91,,249.816667,30.517778,16.654444466666668,,,0.0
639,SS 03,,249.941667,46.151667,16.6627778,,,0.0
60,2006 RH120,(2006 RH120),250.48987,-21.67466,16.699324666666666,,,1.0
770,IRAS 16406-1406,,250.86375,-14.2,16.72425,,,0.0
715,ASASSN-20lj,,251.56125,17.005,16.77075,,,0.0
336,Westerlund 1,,251.766667,-45.851389,16.784444466666667,,,0.0
254,GD 358,,251.826667,32.475833,16.788444466666665,,,0.0
496,NGC 6240,,253.245417,2.401111,16.8830278,,,0.0
201,zeta 1 Sco,,253.49875,-42.361944,16.899916666666666,,,0.0
712,V654 Her,,254.420833,35.269722,16.961388866666667,,,0.0
301,Her X-1,,254.4575,35.342222,16.963833333333334,,,0.0
684,COM 6266B,,255.302917,-30.113611,17.020194466666666,,,0.0
556,HAT-P-67,,256.610833,44.776944,17.107388866666668,,,0.0
383,SAX J1712.6-3739 nebula,,258.144167,-37.65,17.209611133333333,,,0.0
366,NGC 6302,,258.434583,-37.103056,17.228972199999998,,,0.0
112,GJ 1214,,258.82875,4.963889,17.25525,,,0.0
525,Voyager 1,Voyager 1 (-31),259.21818,12.11948,17.281212,,,1.0
222,PG 1716+426,,259.51625,42.570278,17.301083333333334,,,0.0
325,PSR J1719-1438,,259.792083,-14.633611,17.3194722,,,0.0
816,VLA J172059.9+385226.6,,260.249583,38.873889,17.3499722,,,0.0
354,Barnard 68,,260.659167,-23.826111,17.3772778,,,0.0
18,163693 Atira,163693 Atira (2003 CP20),261.24782,21.18132,17.416521333333332,,,1.0
188,beta Ara,,261.325,-55.53,17.421666666666667,,,0.0
698,VVV-WIT-07,,261.6225,-35.682222,17.4415,,,0.0
171,BD +17 3248,,262.060417,17.51,17.470694466666664,,,0.0
298,GX 1+4,,263.009167,-24.745556,17.533944466666664,,,0.0
296,4U 1730-335,,263.3525,-33.388889,17.556833333333334,,,0.0
588,XTE J1739-285,,264.975,-28.496389,17.665000000000003,,,0.0
666,PSR J1740-5340,,265.185833,-53.678056,17.679055533333333,,,0.0
317,XX Oph,,265.985417,-6.269167,17.73236113333333,,,0.0
748,GCRT J1745-3009,,266.270833,-30.165,17.751388866666666,,,0.0
739,HESS J1745-303,,266.297083,-30.198889,17.753138866666667,,,0.0
604,IRS 13E,,266.415417,-29.008333,17.7610278,,,0.0
667,S0-2,,266.416667,-29.007778,17.761111133333333,,,0.0
669,G2,,266.416667,-29.007778,17.761111133333333,,,0.0
471,Sgr A*,,266.416667,-29.007778,17.761111133333333,,,0.0
574,S4711,,266.416667,-29.007778,17.761111133333333,,,0.0
343,Central cluster,,266.416667,-29.007778,17.761111133333333,,,0.0
668,IRS 16C,,266.417083,-29.007778,17.761138866666666,,,0.0
200,WR 102,,266.447917,-26.174167,17.76319446666667,,,0.0
735,Galactic center radio arc,,266.570417,-28.814444,17.771361133333336,,,0.0
164,mu Her,,266.614583,27.720556,17.774305533333333,,,0.0
173,HD 161817,,266.669167,25.749167,17.777944466666668,,,0.0
618,Sgr B2(N) AN01,,266.832917,-28.371667,17.788861133333334,,,0.0
617,Sgr B2,,266.835,-28.385278,17.788999999999998,,,0.0
594,PSR J1748-2446ad,,267.020417,-24.767778,17.801361133333334,,,0.0
283,RS Oph,,267.555,-6.707778,17.837,,,0.0
504,NGC 6482,,267.953333,23.071944,17.863555533333333,,,0.0
732,PMN J1751-2524,,267.96375,-25.4,17.864250000000002,,,0.0
179,V4334 Sgr,,268.13625,-17.685556,17.87575,,,0.0
751,VVV-WIT-02,,268.25875,-24.866389,17.883916666666668,,,0.0
315,IGR J17544-2619,,268.605417,-26.331389,17.907027799999998,,,0.0
26,8 Flora,8 Flora (A847 UA),268.82948,-20.13157,17.921965333333333,,,1.0
565,HD 163269,,268.977083,-12.870278,17.931805533333332,,,0.0
87,Barnard's star,,269.452083,4.693333,17.963472200000002,,,0.0
221,OGLE BLAP-009,,269.700833,-27.281667,17.98005553333333,,,0.0
101,Moon,Moon (301),270.15099,-28.92959,18.010066,,,1.0
613,NGC 6522,,270.892083,-30.033889,18.059472200000002,,,0.0
21,2010 TK7,706765 (2010 TK7),270.90521,1.10269,18.060347333333333,,,1.0
615,NGC 6528,,271.206667,-30.055833,18.080444466666666,,,0.0
288,DQ Her,,271.87625,45.859167,18.125083333333336,,,0.0
299,SAX J1808.4-3658,,272.114583,-36.978889,18.1409722,,,0.0
23,4660 Nereus,4660 Nereus (1982 DB),272.11909,-24.50816,18.14127266666667,,,1.0
267,SGR 1806-20,,272.16375,-20.411111,18.14425,,,0.0
614,ESO 280-SC06,,272.275,-46.423333,18.151666666666664,,,0.0
268,XTE J1810-197,,272.462917,-19.731111,18.164194466666668,,,0.0
752,OTS 1809+31,,272.75,31.4,18.183333333333334,,,0.0
493,WISE 1814+3412,,273.572083,34.206944,18.238138866666667,,,0.0
290,AM Her,,274.055417,49.868056,18.27036113333333,,,0.0
307,MCW 656,,274.651667,-13.800556,18.310111133333333,,,0.0
362,EGO G16.59-0.05,,275.288333,-14.529167,18.352555533333334,,,0.0
297,4U 1820-303,,275.919167,-30.361389,18.394611133333335,,,0.0
570,UY Sct,,276.902083,-12.466389,18.460138866666668,,,0.0
25,5261 Eureka,5261 Eureka (1990 MB),277.6935,-22.17272,18.5129,,,1.0
701,45 Dra,,278.14375,57.045556,18.542916666666667,,,0.0
811,PSR B1829-10,,278.170417,-10.359167,18.544694466666666,,,0.0
742,TGSSADR J183304.4-384046,,278.26875,-38.679444,18.55125,,,0.0
377,SWIFT J1834.9-0846 nebula,,278.72,-8.761389,18.581333333333337,,,0.0
675,17P/Holmes,5477 Holmes (1989 UH2),278.78888,-31.21261,18.585925333333332,,,1.0
156,Vega,,279.234583,38.783611,18.615638866666664,,,0.0
217,delta Sct,,280.568333,-9.0525,18.704555533333334,,,0.0
352,G028.37+00.07,,280.710833,-4.058333,18.714055533333333,,,0.0
373,Kes 75,,281.60625,-2.987222,18.77375,,,0.0
767,AAE-061228,,282.141667,20.330556,18.809444466666665,,,0.0
332,KIC 8145411,,282.533333,44.073611,18.835555533333334,,,0.0
250,D6-3,,283.007917,62.035278,18.867194466666668,,,0.0
374,W44,,284.044583,1.2225,18.936305533333332,,,0.0
552,Kepler 37,,284.059583,44.518056,18.937305533333333,,,0.0
532,Tesla roadster,SpaceX Roadster (-143205),284.06318,-23.47766,18.937545333333333,,,1.0
271,RX J1856.5-3754,,284.14625,-37.908333,18.943083333333334,,,0.0
809,KOI 6705.01,,284.24,41.819167,18.949333333333335,,,0.0
555,KOI 1843.03,,285.012917,40.220833,19.000861133333334,,,0.0
261,Grw +70 8247,,285.042917,70.664167,19.002861133333333,,,0.0
157,lambda Aql,,286.562083,-4.8825,19.104138866666666,,,0.0
591,SGR 1900+14,,286.804167,9.326111,19.1202778,,,0.0
559,TrES-2,,286.808333,49.316389,19.120555533333334,,,0.0
704,ASASSN-V J190917.06+182837.36,,287.32125,18.476944,19.15475,,,0.0
620,W49N,,287.555,9.103333,19.170333333333335,,,0.0
807,KIC 5520878,,287.598333,40.768056,19.1732222,,,0.0
589,AX J1910.7+0917,,287.681667,9.275,19.1787778,,,0.0
340,NGC 6752,,287.717083,-59.984444,19.181138866666668,,,0.0
665,PSR J1911-5958A,,287.928333,-59.974167,19.1952222,,,0.0
309,SS433,,287.956667,4.982778,19.197111133333333,,,0.0
386,W50,,288.083333,4.916667,19.20555553333333,,,0.0
308,GRS 1915+105,,288.797917,10.945833,19.253194466666667,,,0.0
326,PSR B1913+16,,288.866667,16.1075,19.2577778,,,0.0
125,Kepler 16,,289.075833,51.7575,19.2717222,,,0.0
109,Kepler 22,,289.2175,47.884444,19.281166666666664,,,0.0
143,VB 10,,289.24,5.150556,19.282666666666668,,,0.0
725,Spikey,,289.69,49.632222,19.312666666666665,,,0.0
83,Kepler 444,,289.752083,41.634722,19.316805533333333,,,0.0
801,GRB 090709A,,289.944583,60.728056,19.329638866666667,,,0.0
608,NGC 6791,,290.220833,37.771667,19.348055533333333,,,0.0
551,Kepler 138,,290.381667,43.293056,19.3587778,,,0.0
93,KIC 12557548,,290.96625,51.504722,19.39775,,,0.0
280,CH Cyg,,291.137917,50.241389,19.40919446666667,,,0.0
172,RR Lyr,,291.36625,42.784444,19.424416666666666,,,0.0
792,Wow!_a,,291.366667,-26.947222,19.424444466666667,,,0.0
368,IRC +10420,,291.700417,11.354722,19.446694466666667,,,0.0
527,LCS-1,LCS-1 (-101361),291.77142,-60.28381,19.451428,,,1.0
793,Wow!_b,,292.070833,-26.947222,19.471388866666665,,,0.0
808,KIC 9832227,,292.316667,46.622222,19.4877778,,,0.0
766,KIC 2856960,,292.38125,38.076667,19.492083333333333,,,0.0
269,SGR 1935+2154,,293.732083,21.896667,19.582138866666664,,,0.0
86,Kepler 78,,293.741667,44.448333,19.5827778,,,0.0
706,ASASSN V J193622.23+115244.1,,294.0925,11.878889,19.606166666666663,,,0.0
651,CLASH B1938+666,,294.605417,66.814722,19.640361133333332,,,0.0
484,PKS 1934-638,,294.854167,-63.712778,19.65694446666667,,,0.0
9,349 Dembowska,349 Dembowska (A892 XB),294.9582,-27.6342,19.66388,,,1.0
645,HS 1946+7658,,296.22875,77.098056,19.748583333333332,,,0.0
421,NGC 6822,,296.234167,-14.7975,19.748944466666668,,,0.0
557,Kepler 51,,296.479583,49.937778,19.765305533333333,,,0.0
328,KOI 54,,296.564583,43.9475,19.770972200000003,,,0.0
553,Kepler 107,,297.028333,48.208611,19.801888866666665,,,0.0
279,OO Aql,,297.052917,9.308889,19.803527799999998,,,0.0
74,Altair,,297.695833,8.868333,19.846388866666665,,,0.0
482,3C 403,,298.065833,2.506667,19.871055533333333,,,0.0
118,Kepler 18,,298.079583,44.746389,19.871972200000002,,,0.0
127,Kepler 223,,298.318333,47.279444,19.887888866666668,,,0.0
764,Swift J195509.6+261406,,298.79,26.235278,19.919333333333334,,,0.0
305,4U 1954+31,,298.92625,32.096944,19.928416666666667,,,0.0
273,Cyg X-1,,299.590417,35.201667,19.972694466666667,,,0.0
384,Cyg X-1 shell,,299.590417,35.201667,19.972694466666667,,,0.0
540,2019 LF6,(2019 LF6),299.6851,-6.94316,19.979006666666667,,,1.0
480,Cyg A,,299.868333,40.733889,19.9912222,,,0.0
378,PSR B1957+20 bow shock,,299.902917,20.804167,19.9935278,,,0.0
319,PSR B1957+20,,299.902917,20.804167,19.9935278,,,0.0
116,HD 189733,,300.182083,22.710833,20.012138866666664,,,0.0
469,KK 246,,300.989167,-31.681389,20.065944466666668,,,0.0
282,RR Tel,,301.077083,-55.725833,20.071805533333336,,,0.0
696,KIC 8462852,,301.564583,44.456944,20.104305533333335,,,0.0
511,Abell 3667,,303.140417,-56.840556,20.209361133333335,,,0.0
130,IRAS 20126+4104,,303.607917,41.226944,20.2405278,,,0.0
17,(322756) 2001 CK32,322756 (2001 CK32),305.00977,-18.12647,20.333984666666666,,,1.0
316,WR 140,,305.116667,43.854444,20.341111133333335,,,0.0
306,V404 Cyg,,306.015833,33.867222,20.40105553333333,,,0.0
251,QU Vul,,306.69125,27.845,20.446083333333334,,,0.0
97,134340 Pluto,134340 Pluto (1930 BM),306.99238,-23.03873,20.46615866666667,,,1.0
549,Charon,Charon (901),306.99251,-23.03857,20.46616733333333,,,1.0
778,ESO 400-28,,307.105417,-33.074722,20.473694466666664,,,0.0
387,Cyg cocoon,,307.165417,41.171528,20.477694466666666,,,0.0
558,KELT 9,,307.86,39.938889,20.524,,,0.0
738,TeV J2032+4130,,308.025,41.566667,20.535,,,0.0
346,Cyg OB2,,308.3,41.316667,20.553333333333335,,,0.0
756,SN 2008S,,308.68875,60.099444,20.579250000000002,,,0.0
771,IRAS 20331+4024,,308.732083,40.585,20.582138866666664,,,0.0
275,NGC 6946-BH1,,308.865,60.135556,20.591,,,0.0
772,IRAS 20369+5131,,309.608333,51.694722,20.640555533333334,,,0.0
289,AE Aqr,,310.038333,0.870833,20.6692222,,,0.0
194,Deneb,,310.357917,45.280278,20.690527799999998,,,0.0
569,NML Cyg,,311.60625,40.116389,20.77375,,,0.0
19,3753 Cruithne,3753 Cruithne (1986 TO),312.01102,-16.07158,20.800734666666663,,,1.0
708,BW Vul,,313.593333,28.521944,20.9062222,,,0.0
682,LS IV-14 116,,314.412083,-14.428889,20.960805533333332,,,0.0
734,ORC 2,,314.678333,-57.615833,20.978555533333335,,,0.0
350,NGC 7023,,315.40375,68.163333,21.02691666666667,,,0.0
147,61 Cyg A,,316.724583,38.749444,21.1149722,,,0.0
146,61 Cyg B,,316.730417,38.741944,21.115361133333334,,,0.0
82,Mars,Mars (499),318.52031,-17.1476,21.234687333333333,,,1.0
53,Phobos,Phobos (401),318.52122,-17.14713,21.234748000000003,,,1.0
33,C/2014 S3 (PANSTARRS),C/2014 S3 (90004289),318.58087,-21.08901,21.238724666666666,,,1.0
12,4 Vesta,4 Vesta (A807 FA),319.62214,-18.26107,21.308142666666665,,,1.0
154,alpha Cep,,319.645,62.585556,21.309666666666665,,,0.0
731,3C 431,,319.71875,49.616389,21.314583333333335,,,0.0
718,GRB 060614,,320.88375,-53.026667,21.39225,,,0.0
220,beta Cep,,322.165,70.560833,21.477666666666668,,,0.0
339,M15,,322.492917,12.166944,21.4995278,,,0.0
255,LAWD 87,,323.0675,0.253889,21.53783333333333,,,0.0
438,SMM J2135-0102,,323.798333,-1.047778,21.586555533333335,,,0.0
747,RT 19920826,,324.091667,41.988889,21.606111133333332,,,0.0
34,5335 Damocles,5335 Damocles (1991 DA),324.1151,17.9262,21.60767333333333,,,1.0
705,ASASSN-V J213939.3-702817.4,,324.91375,-70.471389,21.660916666666665,,,0.0
284,SS Cyg,,325.678333,43.586111,21.711888866666666,,,0.0
587,PSR J2144-3933,,326.050417,-39.565278,21.736694466666666,,,0.0
150,Sun,Sun,326.16458,-13.57206,21.744305333333333,,,1.0
790,HIP 107359,,326.174583,-16.526944,21.7449722,,,0.0
237,BD+28 4211,,327.795833,28.863889,21.853055533333336,,,0.0
488,PHL 1811,,328.75625,-9.373333,21.917083333333334,,,0.0
563,HD 208527,,329.1,21.239722,21.94,,,0.0
646,SMSS 2157-36,,329.3675,-36.0375,21.957833333333333,,,0.0
693,ASASSN -15lh,,330.564167,-61.659722,22.037611133333332,,,0.0
489,BL Lac,,330.680417,42.277778,22.045361133333333,,,0.0
117,HD 209458,,330.795,18.884444,22.053,,,0.0
136,epsilon Ind Bb,,331.04375,-56.782778,22.069583333333334,,,0.0
719,GRB 060505,,331.764167,-27.814444,22.117611133333334,,,0.0
158,alpha Gru,,332.058333,-46.961111,22.1372222,,,0.0
535,Earth-Sun L4,EM-L4,332.87578,-12.65229,22.191718666666667,,,1.0
389,SSA22a-LAB01,,334.35875,0.208889,22.290583333333334,,,0.0
510,SSA22,,334.394583,0.251944,22.2929722,,,0.0
605,NGC 7252 W3,,335.182917,-24.677222,22.3455278,,,0.0
85,Venus,Venus (299),335.26404,-11.85205,22.350936,,,1.0
579,PSR J2222-0137,,335.525,-1.621111,22.368333333333332,,,0.0
688,DWD HS 2220+2146,,335.756667,22.025,22.3837778,,,0.0
671,SN 2009ip,,335.784583,-28.947778,22.385638866666667,,,0.0
670,ASASSN -14jb,,335.817083,-28.975278,22.387805533333335,,,0.0
517,Dipole repeller,,336.25,37.25,22.416666666666668,,,0.0
16,2020 AV2,594913 'Aylo'chaxnim (2020 AV2),336.38838,-11.96293,22.425891999999997,,,1.0
576,SDSS J222859.93+362359.6,,337.249583,36.4,22.483305533333333,,,0.0
187,delta Cep,,337.292917,58.415278,22.486194466666667,,,0.0
77,NGC 7293*,,337.410417,-20.837222,22.4940278,,,0.0
365,Helix nebula,,337.410417,-20.837222,22.4940278,,,0.0
503,Stephan's quintet,,338.989583,33.96,22.599305533333332,,,0.0
583,LP 400-22,,339.125,22.54,22.608333333333334,,,0.0
160,10 Lac,,339.815417,39.050278,22.654361133333335,,,0.0
775,WISE J224436.12+372533.6,,341.150417,37.426111,22.743361133333334,,,0.0
80,Mercury,Mercury (199),341.44109,-8.26999,22.762739333333332,,,1.0
647,WISE 2246-0526,,341.531667,-5.443056,22.768777800000002,,,0.0
757,PTF 09dav,,341.729583,21.626111,22.7819722,,,0.0
435,ID11,,342.175,-44.541111,22.811666666666667,,,0.0
20,1991 VG,(1991 VG),342.72649,-8.13161,22.848432666666668,,,1.0
741,ILT J225347+862146,,343.44625,86.362778,22.896416666666667,,,0.0
575,S5-HVS1,,343.715,-51.195556,22.91433333333333,,,0.0
4,434 Hungaria,434 Hungaria (A898 RB),344.48966,-6.11232,22.965977333333335,,,1.0
475,NGC 7469,,345.815417,8.873611,23.054361133333334,,,0.0
91,TRAPPIST-1,,346.6225,-5.041389,23.108166666666666,,,0.0
119,HR 8799,,346.869583,21.134167,23.124638866666665,,,0.0
211,BD -00 4470,,347.387083,0.711111,23.15913886666667,,,0.0
789,HD 220077,,350.220417,16.710833,23.3480278,,,0.0
601,PSR J2322-2650,,350.644167,-26.849444,23.3762778,,,0.0
372,Cas A,,350.85,58.815,23.39,,,0.0
73,kappa Psc,,351.733333,1.255556,23.448888866666667,,,0.0
78,G29-38,,352.198333,5.248333,23.479888866666666,,,0.0
561,kappa And,,355.102083,44.333889,23.6734722,,,0.0
380,R Aqr nebula,,355.95625,-15.284444,23.730416666666667,,,0.0
281,R Aqr,,355.95625,-15.284444,23.730416666666667,,,0.0
660,Phoenix cluster,,356.170417,-42.698333,23.744694466666665,,,0.0
641,SPT-CLJ2344-4243 arc,,356.193625,-42.718397,23.746241666666666,,,0.0
779,MCG+02-60-017,,356.788333,15.596667,23.785888866666667,,,0.0
578,LHS 4033,,358.132917,-2.886667,23.8755278,,,0.0
68,1I/'Oumuamua,'Oumuamua (A/2017 U1),358.1434,23.66933,23.876226666666664,,,1.0
196,rho Cas,,358.595833,57.499444,23.906388866666667,,,0.0
